series,date,hour,bucket,price,model_p,edge,won,determined,source,raw_weather,chronological_isotonic,market,market_anchor,weather_weight,train_end,train_dates
KXHIGHNY,2026-06-26,13,81-82,0.395,0.0136999999999999,-0.3813,0,False,hourly_snapshot,0.0136999999999999,0.14409120384437107,0.395,0.36315354286579027,0.08352073730451022,2026-06-24,30
KXHIGHNY,2026-06-26,13,83-84,0.195,0.0084465346534653,-0.1865534653465346,0,False,hourly_snapshot,0.0084465346534653,0.14409120384437107,0.195,0.17941891702754603,0.08352073730451022,2026-06-24,30
KXHIGHNY,2026-06-26,13,85-86,0.055,0.0036455445544554,-0.0513544554455445,0,False,hourly_snapshot,0.0036455445544554,0.0,0.055,0.0507108380173165,0.08352073730451022,2026-06-24,30
KXHIGHNY,2026-06-26,14,81-82,0.3399999999999999,0.0078999999999999,-0.3321,0,False,metar_6h_group,0.0078999999999999,0.14409120384437107,0.3399999999999999,0.3122627631411721,0.08352073730451022,2026-06-24,30
KXHIGHNY,2026-06-26,14,83-84,0.145,0.0026,-0.1423999999999999,0,False,metar_6h_group,0.0026,0.0,0.145,0.13310664700783773,0.08352073730451022,2026-06-24,30
KXHIGHNY,2026-06-26,15,81-82,0.445,0.0334297029702969,-0.411570297029703,0,False,hourly_snapshot,0.0334297029702969,0.14409120384437107,0.445,0.41062534533944295,0.08352073730451022,2026-06-24,30
KXHIGHNY,2026-06-26,15,83-84,0.1149999999999999,0.0033019801980198,-0.1116980198019801,0,False,hourly_snapshot,0.0033019801980198,0.0,0.1149999999999999,0.10567089903068473,0.08352073730451022,2026-06-24,30
KXHIGHNY,2026-06-26,16,81-82,0.285,0.0824019801980199,-0.20259801980198,0,False,hourly_snapshot,0.0824019801980199,0.14409120384437107,0.285,0.2680788640097048,0.08352073730451022,2026-06-24,30
KXHIGHNY,2026-06-26,16,83-84,0.1,0.0111574257425742,-0.0888425742574257,0,False,hourly_snapshot,0.0111574257425742,0.14409120384437107,0.1,0.0925798026939891,0.08352073730451022,2026-06-24,30
KXHIGHNY,2026-06-26,17,81-82,0.19,0.2231623762376235,0.0331623762376235,0,False,hourly_snapshot,0.2231623762376235,0.29086979627742043,0.19,0.1927697461141359,0.08352073730451022,2026-06-24,30
KXHIGHNY,2026-06-27,13,76-77,0.5900000000000001,0.1777108910891088,-0.4122891089108912,0,False,hourly_snapshot,0.1777108910891088,0.3191783046190495,0.5900000000000001,0.561359372999266,0.06946733828694056,2026-06-25,31
KXHIGHNY,2026-06-27,13,78-79,0.355,0.5341782178217822,0.1791782178217822,1,False,hourly_snapshot,0.5341782178217822,0.5034053917379893,0.355,0.36744703387107686,0.06946733828694056,2026-06-25,31
KXHIGHNY,2026-06-27,13,80-81,0.045,0.2100920792079213,0.1650920792079213,0,False,hourly_snapshot,0.2100920792079213,0.3191783046190495,0.045,0.05646850731483105,0.06946733828694056,2026-06-25,31
KXHIGHNY,2026-06-27,17,82-83,0.04,0.0,-0.04,0,False,metar_6h_group,0.0,0.0,0.04,0.037221306468522376,0.06946733828694056,2026-06-25,31
KXHIGHNY,2026-06-27,18,82-83,0.035,0.0,-0.035,0,False,metar_6h_group,0.0,0.0,0.035,0.032568643159957084,0.06946733828694056,2026-06-25,31
KXHIGHNY,2026-06-28,13,81-82,0.5800000000000001,0.1777108910891088,-0.4022891089108912,1,False,hourly_snapshot,0.1777108910891088,0.3117829587741534,0.5800000000000001,0.5427498985165964,0.09259535159738741,2026-06-26,32
KXHIGHNY,2026-06-28,13,83-84,0.3249999999999999,0.5341782178217822,0.2091782178217822,0,False,hourly_snapshot,0.5341782178217822,0.5034053917379893,0.3249999999999999,0.3443689306257227,0.09259535159738741,2026-06-26,32
KXHIGHNY,2026-06-28,14,81-82,0.955,0.7533,-0.2017,1,False,metar_6h_group,0.7533,0.7846155218574756,0.955,0.936323517582807,0.09259535159738741,2026-06-26,32
KXHIGHNY,2026-06-28,14,83-84,0.035,0.2152,0.1802,0,False,metar_6h_group,0.2152,0.3117829587741534,0.035,0.05168568235784922,0.09259535159738741,2026-06-26,32
KXHIGHNY,2026-06-28,15,81-82,0.865,0.8845,0.0194999999999999,1,False,metar_6h_group,0.8845,0.7846155218574756,0.865,0.866805609356149,0.09259535159738741,2026-06-26,32
KXHIGHNY,2026-06-28,15,83-84,0.0849999999999999,0.1076,0.0226,0,False,metar_6h_group,0.1076,0.3117829587741534,0.0849999999999999,0.08709265494610086,0.09259535159738741,2026-06-26,32
KXHIGHNY,2026-06-28,16,81-82,0.93,0.9516,0.0216,1,False,metar_6h_group,0.9516,0.8840690136509513,0.93,0.9320000595945036,0.09259535159738741,2026-06-26,32
KXHIGHNY,2026-06-28,16,83-84,0.065,0.0484,-0.0166,0,False,metar_6h_group,0.0484,0.14340006373327022,0.065,0.06346291716348337,0.09259535159738741,2026-06-26,32
KXHIGHNY,2026-06-29,13,85-86,0.375,0.490594059405941,0.115594059405941,0,False,hourly_snapshot,0.490594059405941,0.5155359424019084,0.375,0.3889051537363435,0.12029297878978043,2026-06-27,33
KXHIGHNY,2026-06-29,17,81-82,0.05,0.0,-0.05,0,True,metar_6h_group,0.0,0.0,0.05,0.04398535106051098,0.12029297878978043,2026-06-27,33
KXHIGHNY,2026-06-30,13,87-88,0.2299999999999999,0.490594059405941,0.260594059405941,1,False,hourly_snapshot,0.490594059405941,0.507783525143971,0.2299999999999999,0.25740254045238004,0.10515412559613949,2026-06-28,34
KXHIGHNY,2026-06-30,13,89-90,0.655,0.3617603960396039,-0.2932396039603961,0,False,hourly_snapshot,0.3617603960396039,0.507783525143971,0.655,0.6241646458553863,0.10515412559613949,2026-06-28,34
KXHIGHNY,2026-06-30,14,87-88,0.86,0.8937,0.0337,1,False,metar_6h_group,0.8937,0.8915157366066653,0.86,0.8635436940325899,0.10515412559613949,2026-06-28,34
KXHIGHNY,2026-06-30,14,89-90,0.12,0.0931999999999999,-0.0268,0,False,metar_6h_group,0.0931999999999999,0.1417372125947697,0.12,0.11718186943402345,0.10515412559613949,2026-06-28,34
KXHIGHNY,2026-07-01,13,92-93,0.27,0.5341782178217822,0.2641782178217822,1,False,hourly_snapshot,0.5341782178217822,0.4789731226357792,0.27,0.2953561048782127,0.09598105811781268,2026-06-29,35
KXHIGHNY,2026-07-01,13,94-95,0.69,0.2100920792079213,-0.4799079207920786,0,False,hourly_snapshot,0.2100920792079213,0.2888732579590747,0.69,0.6439379299632568,0.09598105811781268,2026-06-29,35
KXHIGHNY,2026-07-01,13,96-97,0.08,0.051189108910891,-0.0288108910891089,0,False,hourly_snapshot,0.051189108910891,0.1417372125947697,0.08,0.07723470018795026,0.09598105811781268,2026-06-29,35
KXHIGHNY,2026-07-01,14,92-93,0.625,0.8937,0.2687,1,False,metar_6h_group,0.8937,0.8915157366066653,0.625,0.6507901103162562,0.09598105811781268,2026-06-29,35
KXHIGHNY,2026-07-01,14,94-95,0.36,0.0931999999999999,-0.2668,0,False,metar_6h_group,0.0931999999999999,0.1417372125947697,0.36,0.33439225369416753,0.09598105811781268,2026-06-29,35
KXHIGHNY,2026-07-01,15,92-93,0.825,0.9619,0.1369,1,False,metar_6h_group,0.9619,1.0,0.825,0.8381398068563285,0.09598105811781268,2026-06-29,35
KXHIGHNY,2026-07-01,15,94-95,0.1649999999999999,0.0329,-0.1320999999999999,0,False,metar_6h_group,0.0329,0.1417372125947697,0.1649999999999999,0.15232090222263686,0.09598105811781268,2026-06-29,35
KXHIGHNY,2026-07-01,16,92-93,0.895,0.9843,0.0892999999999999,1,True,metar_6h_group,0.9843,1.0,0.895,0.9035711084899207,0.09598105811781268,2026-06-29,35
KXHIGHNY,2026-07-01,16,94-95,0.13,0.0157,-0.1142999999999999,0,True,metar_6h_group,0.0157,0.1417372125947697,0.13,0.11902936505713402,0.09598105811781268,2026-06-29,35
KXHIGHNY,2026-07-01,18,98-99,0.045,0.0,-0.045,0,False,metar_6h_group,0.0,0.0,0.045,0.04068085238469843,0.09598105811781268,2026-06-29,35
KXHIGHNY,2026-07-02,13,101-102,0.33,0.2100920792079213,-0.1199079207920787,0,False,hourly_snapshot,0.2100920792079213,0.2888732579590747,0.33,0.31387704973680075,0.1344610944522721,2026-06-30,36
KXHIGHNY,2026-07-02,13,99-100,0.67,0.5341782178217822,-0.1358217821782178,1,False,hourly_snapshot,0.5341782178217822,0.4801020821135806,0.67,0.6517372545178588,0.1344610944522721,2026-06-30,36
KXHIGHNY,2026-07-02,14,101-102,0.645,0.2152,-0.4297999999999999,0,False,metar_6h_group,0.2152,0.2888732579590747,0.645,0.5872086216044134,0.1344610944522721,2026-06-30,36
KXHIGHNY,2026-07-02,14,99-100,0.3299999999999999,0.7533,0.4233,1,False,metar_6h_group,0.7533,0.8018103986078278,0.3299999999999999,0.3869173812816467,0.1344610944522721,2026-06-30,36
KXHIGHNY,2026-07-02,15,101-102,0.28,0.1076,-0.1724,0,False,metar_6h_group,0.1076,0.2888732579590747,0.28,0.2568189073164283,0.1344610944522721,2026-06-30,36
KXHIGHNY,2026-07-02,15,99-100,0.725,0.8845,0.1594999999999999,1,False,metar_6h_group,0.8845,0.8018103986078278,0.725,0.7464465445651374,0.1344610944522721,2026-06-30,36
KXHIGHNY,2026-07-02,16,101-102,0.21,0.0484,-0.1616,0,True,metar_6h_group,0.0484,0.13852458141566787,0.21,0.1882710871365128,0.1344610944522721,2026-06-30,36
KXHIGHNY,2026-07-02,16,99-100,0.805,0.9516,0.1465999999999999,1,True,metar_6h_group,0.9516,0.9038659106618664,0.805,0.8247119964467031,0.1344610944522721,2026-06-30,36
KXHIGHNY,2026-07-02,17,99-100,0.965,0.9869,0.0219,1,True,metar_6h_group,0.9869,1.0,0.965,0.9679446979685047,0.1344610944522721,2026-06-30,36
KXHIGHNY,2026-07-03,13,100-101,0.51,0.2100920792079213,-0.2999079207920787,0,False,hourly_snapshot,0.2100920792079213,0.2833083015629616,0.51,0.4612485234307874,0.16255481495939283,2026-07-01,37
KXHIGHNY,2026-07-03,13,102-103,0.075,0.051189108910891,-0.0238108910891089,0,False,hourly_snapshot,0.051189108910891,0.13367669253733938,0.075,0.07112942500499163,0.16255481495939283,2026-07-01,37
KXHIGHNY,2026-07-03,13,98-99,0.4,0.5341782178217822,0.1341782178217822,1,False,hourly_snapshot,0.5341782178217822,0.4856255641262407,0.4,0.4218113153696009,0.16255481495939283,2026-07-01,37
KXHIGHNY,2026-07-03,14,100-101,0.195,0.0931999999999999,-0.1018,0,False,metar_6h_group,0.0931999999999999,0.13367669253733938,0.195,0.1784519198371338,0.16255481495939283,2026-07-01,37
KXHIGHNY,2026-07-03,14,102-103,0.055,0.0051999999999999,-0.0498,0,False,metar_6h_group,0.0051999999999999,0.0,0.055,0.04690477021502222,0.16255481495939283,2026-07-01,37
KXHIGHNY,2026-07-03,14,98-99,0.755,0.8937,0.1387,1,False,metar_6h_group,0.8937,0.9080529231111365,0.755,0.7775463528348678,0.16255481495939283,2026-07-01,37
KXHIGHNY,2026-07-03,15,100-101,0.095,0.0329,-0.0620999999999999,0,False,metar_6h_group,0.0329,0.13367669253733938,0.095,0.0849053459910217,0.16255481495939283,2026-07-01,37
KXHIGHNY,2026-07-03,15,98-99,0.915,0.9619,0.0468999999999999,1,False,metar_6h_group,0.9619,1.0,0.915,0.9226238208215956,0.16255481495939283,2026-07-01,37
KXHIGHNY,2026-07-03,16,100-101,0.08,0.0157,-0.0642999999999999,0,False,metar_6h_group,0.0157,0.13367669253733938,0.08,0.06954772539811105,0.16255481495939283,2026-07-01,37
KXHIGHNY,2026-07-03,16,98-99,0.925,0.9843,0.0592999999999999,1,False,metar_6h_group,0.9843,1.0,0.925,0.934639500527092,0.16255481495939283,2026-07-01,37
KXHIGHNY,2026-07-03,17,100-101,0.04,0.0026,-0.0373999999999999,0,False,metar_6h_group,0.0026,0.0,0.04,0.03392044992051871,0.16255481495939283,2026-07-01,37
KXHIGHNY,2026-07-03,17,98-99,0.945,0.9974,0.0524,1,False,metar_6h_group,0.9974,1.0,0.945,0.9535178723038721,0.16255481495939283,2026-07-01,37
KXHIGHNY,2026-07-04,13,98-99,0.075,0.051189108910891,-0.0238108910891089,0,False,hourly_snapshot,0.051189108910891,0.13238969566036687,0.075,0.07050518210434067,0.18877151127347883,2026-07-02,38
KXHIGHNY,2026-07-04,14,98-99,0.035,0.0051999999999999,-0.0298,0,False,metar_6h_group,0.0051999999999999,0.0,0.035,0.029374608964050315,0.18877151127347883,2026-07-02,38
KXHIGHNY,2026-07-04,15,98-99,0.03,0.0039,-0.0260999999999999,0,False,metar_6h_group,0.0039,0.0,0.03,0.0250730635557622,0.18877151127347883,2026-07-02,38
KXHIGHNY,2026-07-05,13,84-85,0.195,0.103690099009901,-0.0913099009900989,0,False,hourly_snapshot,0.103690099009901,0.13088503212196761,0.195,0.17700208988328597,0.1971079797651474,2026-07-03,39
KXHIGHNY,2026-07-05,14,84-85,0.13,0.0051999999999999,-0.1248,0,False,metar_6h_group,0.0051999999999999,0.0,0.13,0.10540092412530959,0.1971079797651474,2026-07-03,39
KXHIGHNY,2026-07-05,15,84-85,0.135,0.0039,-0.1311,0,False,metar_6h_group,0.0039,0.0,0.135,0.10915914385278919,0.1971079797651474,2026-07-03,39
KXHIGHNY,2026-07-05,16,84-85,0.035,0.0,-0.035,0,False,metar_6h_group,0.0,0.0,0.035,0.028101220708219844,0.1971079797651474,2026-07-03,39
KXHIGHNY,2026-07-06,13,75-76,0.03,0.103690099009901,0.073690099009901,0,False,hourly_snapshot,0.103690099009901,0.13088503212196761,0.03,0.04449958356527024,0.19676433822299627,2026-07-04,40
KXHIGHNY,2026-07-08,13,82-83,0.375,0.5341782178217822,0.1591782178217822,0,False,hourly_snapshot,0.5341782178217822,0.4960364933562954,0.375,0.4065549945094163,0.19823688781806587,2026-07-06,42
KXHIGHNY,2026-07-09,13,83-84,0.29,0.3617603960396039,0.0717603960396038,0,False,hourly_snapshot,0.3617603960396039,0.4960364933562954,0.29,0.30422555757948294,0.19823688781806587,2026-07-06,42
KXHIGHNY,2026-07-10,15,87-88,0.045,0.0329,-0.0120999999999999,0,False,metar_6h_group,0.0329,0.11353421296993697,0.045,0.04289889421077091,0.17364510654785884,2026-07-08,43
KXHIGHNY,2026-07-10,17,93-94,0.03,0.0,-0.03,0,False,metar_6h_group,0.0,0.0,0.03,0.024790646803564236,0.17364510654785884,2026-07-08,43
KXHIGHNY,2026-07-11,13,81-82,0.1149999999999999,0.0772999999999999,-0.0377,1,False,metar_6h_group,0.0772999999999999,0.11353421296993697,0.1149999999999999,0.10877760901106552,0.1650501588576756,2026-07-09,44
KXHIGHNY,2026-07-11,14,81-82,0.11,0.021,-0.0889999999999999,1,False,metar_6h_group,0.021,0.11353421296993697,0.11,0.09531053586166688,0.1650501588576756,2026-07-09,44
KXHIGHNY,2026-07-11,15,81-82,0.605,0.2622237623762387,-0.3427762376237613,1,False,hourly_snapshot,0.2622237623762387,0.41056415194323975,0.605,0.5484247275275618,0.1650501588576756,2026-07-09,44
KXHIGHNY,2026-07-11,15,83-84,0.055,0.0334297029702969,-0.021570297029703,0,False,hourly_snapshot,0.0334297029702969,0.11353421296993697,0.055,0.051439819048640256,0.1650501588576756,2026-07-09,44
KXHIGHNY,2026-07-11,16,81-82,0.89,0.7264158415841576,-0.1635841584158424,1,False,hourly_snapshot,0.7264158415841576,0.8149426300500502,0.89,0.863000408666866,0.1650501588576756,2026-07-09,44
KXHIGHNY,2026-07-11,16,83-84,0.105,0.2385188118811887,0.1335188118811887,0,False,hourly_snapshot,0.2385188118811887,0.26225738943360155,0.105,0.1270373011114783,0.1650501588576756,2026-07-09,44
KXHIGHNY,2026-07-11,17,81-82,0.96,0.7459445544554459,-0.214055445544554,1,False,hourly_snapshot,0.7459445544554459,0.8149426300500502,0.96,0.9246701147085208,0.1650501588576756,2026-07-09,44
KXHIGHNY,2026-07-11,17,83-84,0.05,0.2231623762376235,0.1731623762376235,0,False,hourly_snapshot,0.2231623762376235,0.26225738943360155,0.05,0.07858047770619235,0.1650501588576756,2026-07-09,44
KXHIGHNY,2026-07-12,13,82-83,0.19,0.1777108910891088,-0.0122891089108911,0,False,hourly_snapshot,0.1777108910891088,0.26225738943360155,0.19,0.18797623479737777,0.16467957256271776,2026-07-10,45
KXHIGHNY,2026-07-12,13,84-85,0.81,0.5341782178217822,-0.2758217821782178,1,False,hourly_snapshot,0.5341782178217822,0.41056415194323975,0.81,0.7645777868074041,0.16467957256271776,2026-07-10,45
KXHIGHNY,2026-07-12,14,84-85,0.95,0.8937,-0.0562999999999999,1,False,metar_6h_group,0.8937,0.9152317821761217,0.95,0.940728540064719,0.16467957256271776,2026-07-10,45
KXHIGHNY,2026-07-12,14,86-87,0.065,0.0931999999999999,0.0281999999999999,0,False,metar_6h_group,0.0931999999999999,0.1094670615134281,0.065,0.06964396394626862,0.16467957256271776,2026-07-10,45
KXHIGHNY,2026-07-12,15,84-85,0.945,0.9619,0.0168999999999999,1,False,metar_6h_group,0.9619,1.0,0.945,0.9477830847763099,0.16467957256271776,2026-07-10,45
KXHIGHNY,2026-07-13,13,82-83,0.21,0.490594059405941,0.280594059405941,0,False,hourly_snapshot,0.490594059405941,0.416844394884654,0.21,0.25179059312642244,0.1489361293496352,2026-07-11,46
KXHIGHNY,2026-07-13,13,84-85,0.765,0.3617603960396039,-0.4032396039603961,1,False,hourly_snapshot,0.3617603960396039,0.416844394884654,0.765,0.7049430541856588,0.1489361293496352,2026-07-11,46
KXHIGHNY,2026-07-13,13,86-87,0.035,0.103690099009901,0.068690099009901,0,False,hourly_snapshot,0.103690099009901,0.12404584576916833,0.035,0.045230437471177866,0.1489361293496352,2026-07-11,46
KXHIGHNY,2026-07-13,14,82-83,0.255,0.238669306930693,-0.0163306930693069,0,False,hourly_snapshot,0.238669306930693,0.416844394884654,0.255,0.2525677697846605,0.1489361293496352,2026-07-11,46
KXHIGHNY,2026-07-13,14,84-85,0.715,0.5768514851485153,-0.1381485148514847,1,False,hourly_snapshot,0.5768514851485153,0.416844394884654,0.715,0.6944246949226193,0.1489361293496352,2026-07-11,46
KXHIGHNY,2026-07-13,15,82-83,0.4649999999999999,0.2802376237623763,-0.1847623762376236,0,False,hourly_snapshot,0.2802376237623763,0.416844394884654,0.4649999999999999,0.43748220683372724,0.1489361293496352,2026-07-11,46
KXHIGHNY,2026-07-13,15,84-85,0.525,0.5932554455445557,0.0682554455445556,1,False,hourly_snapshot,0.5932554455445557,0.416844394884654,0.525,0.535165701866441,0.1489361293496352,2026-07-11,46
KXHIGHNY,2026-07-13,16,82-83,0.725,0.3014970297029702,-0.4235029702970297,0,False,hourly_snapshot,0.3014970297029702,0.416844394884654,0.725,0.6619251068358868,0.1489361293496352,2026-07-11,46
KXHIGHNY,2026-07-13,16,84-85,0.275,0.594887128712871,0.3198871287128709,1,False,hourly_snapshot,0.594887128712871,0.416844394884654,0.275,0.3226427507792636,0.1489361293496352,2026-07-11,46
KXHIGHNY,2026-07-14,13,90-91,0.39,0.103690099009901,-0.2863099009900989,1,False,hourly_snapshot,0.103690099009901,0.12233869033825875,0.39,0.3488529534023311,0.14371506697944,2026-07-12,47
KXHIGHNY,2026-07-14,13,92-93,0.215,0.0263831683168316,-0.1886168316831683,0,False,hourly_snapshot,0.0263831683168316,0.12233869033825875,0.215,0.1878929194012037,0.14371506697944,2026-07-12,47
KXHIGHNY,2026-07-14,13,94-95,0.065,0.0066386138613861,-0.0583613861386138,0,False,hourly_snapshot,0.0066386138613861,0.0,0.065,0.05661258948207615,0.14371506697944,2026-07-12,47
KXHIGHNY,2026-07-14,14,90-91,0.325,0.2152,-0.1097999999999999,1,False,metar_6h_group,0.2152,0.24277511976488825,0.325,0.3092200856456575,0.14371506697944,2026-07-12,47
KXHIGHNY,2026-07-14,14,92-93,0.4,0.021,-0.379,0,False,metar_6h_group,0.021,0.12233869033825875,0.4,0.34553198961479226,0.14371506697944,2026-07-12,47
KXHIGHNY,2026-07-14,14,94-95,0.175,0.0078999999999999,-0.1671,0,False,metar_6h_group,0.0078999999999999,0.12233869033825875,0.175,0.15098521230773554,0.14371506697944,2026-07-12,47
KXHIGHNY,2026-07-14,14,96-97,0.035,0.0026,-0.0323999999999999,0,False,metar_6h_group,0.0026,0.0,0.035,0.030343631829866147,0.14371506697944,2026-07-12,47
KXHIGHNY,2026-07-14,15,90-91,0.3399999999999999,0.1076,-0.2323999999999999,1,False,metar_6h_group,0.1076,0.24277511976488825,0.3399999999999999,0.30660061843397807,0.14371506697944,2026-07-12,47
KXHIGHNY,2026-07-14,15,92-93,0.045,0.0052999999999999,-0.0397,0,False,metar_6h_group,0.0052999999999999,0.0,0.045,0.039294511840916216,0.14371506697944,2026-07-12,47
KXHIGHNY,2026-07-14,15,94-95,0.035,0.0013,-0.0336999999999999,0,False,metar_6h_group,0.0013,0.0,0.035,0.030156802242792876,0.14371506697944,2026-07-12,47
KXHIGHNY,2026-07-14,16,90-91,0.755,0.0484,-0.7066,1,False,metar_6h_group,0.0484,0.12233869033825875,0.755,0.6534509336723276,0.14371506697944,2026-07-12,47
KXHIGHNY,2026-07-14,16,92-93,0.04,0.0,-0.04,0,False,metar_6h_group,0.0,0.0,0.04,0.0342513973208224,0.14371506697944,2026-07-12,47
KXHIGHNY,2026-07-14,17,90-91,0.115,0.0131,-0.1019,1,True,metar_6h_group,0.0131,0.12233869033825875,0.115,0.10035543467479507,0.14371506697944,2026-07-12,47
KXHIGHNY,2026-07-14,17,92-93,0.03,0.0,-0.03,0,True,metar_6h_group,0.0,0.0,0.03,0.0256885479906168,0.14371506697944,2026-07-12,47
KXHIGHNY,2026-07-14,18,90-91,0.08,0.0039,-0.0760999999999999,1,False,metar_6h_group,0.0039,0.0,0.08,0.06906328340286462,0.14371506697944,2026-07-12,47
KXHIGHNY,2026-07-15,13,97-98,0.535,0.3617603960396039,-0.1732396039603961,0,False,hourly_snapshot,0.3617603960396039,0.43170670241452985,0.535,0.507637529051131,0.15794581795005852,2026-07-13,48
KXHIGHNY,2026-07-15,13,99-100,0.07,0.103690099009901,0.033690099009901,0,False,hourly_snapshot,0.103690099009901,0.12141042037650224,0.07,0.07532121024493728,0.15794581795005852,2026-07-13,48
KXHIGHNY,2026-07-15,14,97-98,0.24,0.3096059405940594,0.0696059405940594,0,False,hourly_snapshot,0.3096059405940594,0.43170670241452985,0.24,0.2509939672213119,0.15794581795005852,2026-07-13,48
KXHIGHNY,2026-07-15,15,97-98,0.12,0.2622237623762387,0.1422237623762386,0,False,hourly_snapshot,0.2622237623762387,0.43170670241452985,0.12,0.14246364848044976,0.15794581795005852,2026-07-13,48
KXHIGHNY,2026-07-15,16,97-98,0.08,0.2385188118811887,0.1585188118811887,0,False,hourly_snapshot,0.2385188118811887,0.24277511976488825,0.08,0.1050373834030458,0.15794581795005852,2026-07-13,48
KXHIGHNY,2026-07-15,17,97-98,0.03,0.2231623762376235,0.1931623762376235,0,False,hourly_snapshot,0.2231623762376235,0.24277511976488825,0.03,0.06050918951202839,0.15794581795005852,2026-07-13,48
KXHIGHNY,2026-07-16,13,89-90,0.035,0.0066386138613861,-0.0283613861386138,0,False,hourly_snapshot,0.0066386138613861,0.027870651591332535,0.035,0.030947748913311694,0.14287916207209586,2026-07-14,49
KXHIGHNY,2026-07-16,13,91-92,0.045,0.0086633663366336,-0.0363366336633663,0,False,hourly_snapshot,0.0086633663366336,0.1314769015335774,0.045,0.0398082522296575,0.14287916207209586,2026-07-14,49
KXHIGHNY,2026-07-17,13,85-86,0.55,0.490594059405941,-0.059405940594059,1,False,hourly_snapshot,0.490594059405941,0.41550251346309336,0.55,0.5414704119508419,0.14358139882749646,2026-07-15,50
KXHIGHNY,2026-07-17,13,87-88,0.37,0.3617603960396039,-0.008239603960396,0,False,hourly_snapshot,0.3617603960396039,0.41550251346309336,0.37,0.36881694613758176,0.14358139882749646,2026-07-15,50
KXHIGHNY,2026-07-17,13,89-90,0.075,0.103690099009901,0.028690099009901,0,False,hourly_snapshot,0.103690099009901,0.13003623924544844,0.075,0.07911936454834095,0.14358139882749646,2026-07-15,50
KXHIGHNY,2026-07-17,14,85-86,0.705,0.6113227722772279,-0.0936772277227721,1,False,hourly_snapshot,0.6113227722772279,0.48626754033640246,0.705,0.6915496926052824,0.14358139882749646,2026-07-15,50
KXHIGHNY,2026-07-17,14,87-88,0.275,0.3096059405940594,0.0346059405940594,0,False,hourly_snapshot,0.3096059405940594,0.41550251346309336,0.275,0.27996876935823634,0.14358139882749646,2026-07-15,50
KXHIGHNY,2026-07-17,14,89-90,0.035,0.0546514851485148,0.0196514851485148,0,False,hourly_snapshot,0.0546514851485148,0.13003623924544844,0.035,0.037821587726661526,0.14358139882749646,2026-07-15,50
KXHIGHNY,2026-07-17,15,85-86,0.8,0.6900871287128719,-0.1099128712871281,1,False,hourly_snapshot,0.6900871287128719,0.8277804873047023,0.8,0.7842185561914476,0.14358139882749646,2026-07-15,50
KXHIGHNY,2026-07-17,15,87-88,0.195,0.2622237623762387,0.0672237623762386,0,False,hourly_snapshot,0.2622237623762387,0.41550251346309336,0.195,0.20465208183642758,0.14358139882749646,2026-07-15,50
KXHIGHNY,2026-07-17,16,85-86,0.785,0.7264158415841576,-0.0585841584158424,1,False,hourly_snapshot,0.7264158415841576,0.8277804873047023,0.785,0.7765884045855217,0.14358139882749646,2026-07-15,50
KXHIGHNY,2026-07-17,16,87-88,0.215,0.2385188118811887,0.0235188118811887,0,False,hourly_snapshot,0.2385188118811887,0.24584646463380178,0.215,0.21837686390866182,0.14358139882749646,2026-07-15,50
KXHIGHNY,2026-07-17,17,85-86,0.83,0.3126811881188119,-0.517318811881188,1,False,hourly_snapshot,0.3126811881188119,0.41550251346309336,0.83,0.7557226413503205,0.14358139882749646,2026-07-15,50
KXHIGHNY,2026-07-17,17,87-88,0.165,0.5950019801980198,0.4300019801980197,0,False,hourly_snapshot,0.5950019801980198,0.41550251346309336,0.165,0.2267402858154251,0.14358139882749646,2026-07-15,50
KXHIGHNY,2026-07-17,18,85-86,0.905,0.3155960396039604,-0.5894039603960397,1,False,hourly_snapshot,0.3155960396039604,0.41550251346309336,0.905,0.8203725548918703,0.14358139882749646,2026-07-15,50
KXHIGHNY,2026-07-17,18,87-88,0.11,0.5935445544554456,0.4835445544554456,0,False,hourly_snapshot,0.5935445544554456,0.41550251346309336,0.11,0.1794280035241314,0.14358139882749646,2026-07-15,50
KXHIGHNY,2026-07-18,13,79-80,0.09,0.2100920792079213,0.1200920792079213,0,False,hourly_snapshot,0.2100920792079213,0.24584646463380178,0.09,0.10723196377479627,0.1434895947214115,2026-07-16,51
KXHIGHNY,2026-07-18,13,81-82,0.055,0.051189108910891,-0.0038108910891089,0,False,hourly_snapshot,0.051189108910891,0.12820766932933075,0.055,0.05445317678209631,0.1434895947214115,2026-07-16,51
KXHIGHNY,2026-07-18,14,79-80,0.045,0.1418960396039601,0.0968960396039601,0,False,hourly_snapshot,0.1418960396039601,0.24584646463380178,0.045,0.05890357345288207,0.1434895947214115,2026-07-16,51
KXHIGHNY,2026-07-18,15,79-80,0.065,0.0989574257425745,0.0339574257425745,0,False,hourly_snapshot,0.0989574257425745,0.12820766932933075,0.065,0.06987253725758444,0.1434895947214115,2026-07-16,51
KXHIGHNY,2026-07-18,15,81-82,0.045,0.0154940594059406,-0.0295059405940593,0,False,hourly_snapshot,0.0154940594059406,0.12820766932933075,0.045,0.04076620454228437,0.1434895947214115,2026-07-16,51
KXHIGHNY,2026-07-18,16,79-80,0.12,0.0824019801980199,-0.03759801980198,0,False,hourly_snapshot,0.0824019801980199,0.12820766932933075,0.12,0.11460507537628627,0.1434895947214115,2026-07-16,51
KXHIGHNY,2026-07-18,17,79-80,0.045,0.072230693069307,0.027230693069307,0,False,hourly_snapshot,0.072230693069307,0.12820766932933075,0.045,0.04890732111249801,0.1434895947214115,2026-07-16,51
KXHIGHNY,2026-07-18,18,79-80,0.045,0.0708643564356437,0.0258643564356437,0,False,hourly_snapshot,0.0708643564356437,0.12820766932933075,0.045,0.048711266022680645,0.1434895947214115,2026-07-16,51
KXHIGHNY,2026-07-19,13,80-81,0.4649999999999999,0.103690099009901,-0.3613099009900989,0,False,hourly_snapshot,0.103690099009901,0.12694067471904924,0.4649999999999999,0.4178375254595602,0.13053191847552523,2026-07-17,52
KXHIGHNY,2026-07-19,13,82-83,0.055,0.0263831683168316,-0.0286168316831683,0,False,hourly_snapshot,0.0263831683168316,0.12694067471904924,0.055,0.05126459005970484,0.13053191847552523,2026-07-17,52
KXHIGHNY,2026-07-19,14,80-81,0.335,0.1418960396039601,-0.1931039603960399,0,False,hourly_snapshot,0.1418960396039601,0.24318405267707827,0.335,0.30979376958428306,0.13053191847552523,2026-07-17,52
KXHIGHNY,2026-07-19,14,82-83,0.0849999999999999,0.0246108910891088,-0.0603891089108911,0,False,hourly_snapshot,0.0246108910891088,0.12694067471904924,0.0849999999999999,0.07711729375883385,0.13053191847552523,2026-07-17,52
KXHIGHNY,2026-07-19,15,80-81,0.47,0.2622237623762387,-0.2077762376237613,0,False,hourly_snapshot,0.2622237623762387,0.39693969396939693,0.47,0.4428785690893438,0.13053191847552523,2026-07-17,52
KXHIGHNY,2026-07-19,15,82-83,0.045,0.0334297029702969,-0.011570297029703,0,False,hourly_snapshot,0.0334297029702969,0.12694067471904924,0.045,0.043489706931381183,0.13053191847552523,2026-07-17,52
KXHIGHNY,2026-07-19,16,80-81,0.615,0.594887128712871,-0.020112871287129,0,False,hourly_snapshot,0.594887128712871,0.41498165791735786,0.615,0.6123746283248397,0.13053191847552523,2026-07-17,52
KXHIGHNY,2026-07-19,16,82-83,0.06,0.0824019801980199,0.0224019801980199,0,False,hourly_snapshot,0.0824019801980199,0.12694067471904924,0.06,0.06292417345289826,0.13053191847552523,2026-07-17,52
KXHIGHNY,2026-07-19,17,80-81,0.405,0.5950019801980198,0.1900019801980197,0,False,hourly_snapshot,0.5950019801980198,0.41498165791735786,0.405,0.4298013229893963,0.13053191847552523,2026-07-17,52
KXHIGHNY,2026-07-19,18,80-81,0.09,0.5935445544554456,0.5035445544554457,0,False,hourly_snapshot,0.5935445544554456,0.41498165791735786,0.09,0.1557286367309729,0.13053191847552523,2026-07-17,52
KXHIGHNY,2026-07-20,13,79-80,0.4649999999999999,0.490594059405941,0.025594059405941,0,False,hourly_snapshot,0.490594059405941,0.41498165791735786,0.4649999999999999,0.4683119488721826,0.1294030313696109,2026-07-18,53
KXHIGHNY,2026-07-20,13,81-82,0.515,0.3617603960396039,-0.1532396039603961,1,False,hourly_snapshot,0.3617603960396039,0.41498165791735786,0.515,0.4951703307216461,0.1294030313696109,2026-07-18,53
KXHIGHNY,2026-07-20,13,83-84,0.045,0.103690099009901,0.058690099009901,0,False,hourly_snapshot,0.103690099009901,0.12067953091084578,0.045,0.05259467672326379,0.1294030313696109,2026-07-18,53
KXHIGHNY,2026-07-20,14,79-80,0.54,0.7533,0.2132999999999999,0,False,metar_6h_group,0.7533,0.8374462548611527,0.54,0.5676016665911381,0.1294030313696109,2026-07-18,53
KXHIGHNY,2026-07-20,14,81-82,0.4599999999999999,0.2152,-0.2447999999999999,1,False,metar_6h_group,0.2152,0.2343031431327298,0.4599999999999999,0.42832213792071916,0.1294030313696109,2026-07-18,53
KXHIGHNY,2026-07-20,14,83-84,0.035,0.021,-0.0139999999999999,0,False,metar_6h_group,0.021,0.12067953091084578,0.035,0.03318835756082545,0.1294030313696109,2026-07-18,53
KXHIGHNY,2026-07-20,15,79-80,0.265,0.8845,0.6194999999999999,0,False,metar_6h_group,0.8845,0.8374462548611527,0.265,0.34516517793347395,0.1294030313696109,2026-07-18,53
KXHIGHNY,2026-07-20,15,81-82,0.675,0.1076,-0.5674,1,False,metar_6h_group,0.1076,0.2343031431327298,0.675,0.6015767200008828,0.1294030313696109,2026-07-18,53
KXHIGHNY,2026-07-20,15,83-84,0.03,0.0052999999999999,-0.0247,0,False,metar_6h_group,0.0052999999999999,0.02305207827573832,0.03,0.026803745125170596,0.1294030313696109,2026-07-18,53
KXHIGHNY,2026-07-20,16,79-80,0.725,0.9516,0.2266,0,True,metar_6h_group,0.9516,0.9215331949158923,0.725,0.7543227269083538,0.1294030313696109,2026-07-18,53
KXHIGHNY,2026-07-20,16,81-82,0.275,0.0484,-0.2266,1,True,metar_6h_group,0.0484,0.12067953091084578,0.275,0.2456772730916462,0.1294030313696109,2026-07-18,53
KXHIGHNY,2026-07-21,13,79-80,0.595,0.490594059405941,-0.1044059405940589,0,False,hourly_snapshot,0.490594059405941,0.40562856678302955,0.595,0.5809993683833629,0.13409803634711792,2026-07-19,54
KXHIGHNY,2026-07-21,13,81-82,0.325,0.3617603960396039,0.0367603960396039,1,False,hourly_snapshot,0.3617603960396039,0.40562856678302955,0.325,0.3299294969242533,0.13409803634711792,2026-07-19,54
KXHIGHNY,2026-07-21,13,83-84,0.075,0.103690099009901,0.028690099009901,0,False,hourly_snapshot,0.103690099009901,0.11683764544245069,0.075,0.07884728593983212,0.13409803634711792,2026-07-19,54
KXHIGHNY,2026-07-21,14,81-82,0.935,0.8937,-0.0413,1,False,metar_6h_group,0.8937,0.9215331949158923,0.935,0.9294617510988641,0.13409803634711792,2026-07-19,54
KXHIGHNY,2026-07-21,14,83-84,0.05,0.0931999999999999,0.0431999999999999,0,False,metar_6h_group,0.0931999999999999,0.11683764544245069,0.05,0.05579303517019548,0.13409803634711792,2026-07-19,54
KXHIGHNY,2026-07-22,13,84-85,0.355,0.490594059405941,0.135594059405941,1,False,hourly_snapshot,0.490594059405941,0.40690028436280395,0.355,0.368803066921289,0.10179698861264612,2026-07-20,55
KXHIGHNY,2026-07-22,13,86-87,0.64,0.3617603960396039,-0.2782396039603961,0,False,hourly_snapshot,0.3617603960396039,0.40690028436280395,0.64,0.6116760462040564,0.10179698861264612,2026-07-20,55
KXHIGHNY,2026-07-22,14,84-85,0.25,0.238669306930693,-0.0113306930693069,1,False,hourly_snapshot,0.238669306930693,0.35650767987065485,0.25,0.24884656956665036,0.10179698861264612,2026-07-20,55
KXHIGHNY,2026-07-22,14,86-87,0.735,0.5768514851485153,-0.1581485148514847,0,False,hourly_snapshot,0.5768514851485153,0.40690028436280395,0.735,0.7189009574345565,0.10179698861264612,2026-07-20,55
KXHIGHNY,2026-07-22,15,84-85,0.205,0.2802376237623763,0.0752376237623763,1,False,hourly_snapshot,0.2802376237623763,0.40690028436280395,0.205,0.21265896352938116,0.10179698861264612,2026-07-20,55
KXHIGHNY,2026-07-22,15,86-87,0.78,0.5932554455445557,-0.1867445544554443,0,False,hourly_snapshot,0.5932554455445557,0.40690028436280395,0.78,0.7609899667166254,0.10179698861264612,2026-07-20,55
KXHIGHNY,2026-07-22,16,84-85,0.2249999999999999,0.3014970297029702,0.0764970297029702,1,False,hourly_snapshot,0.3014970297029702,0.40690028436280395,0.2249999999999999,0.23278716726157442,0.10179698861264612,2026-07-20,55
KXHIGHNY,2026-07-22,16,86-87,0.77,0.594887128712871,-0.175112871287129,0,False,hourly_snapshot,0.594887128712871,0.40690028436280395,0.77,0.7521740370356563,0.10179698861264612,2026-07-20,55
KXHIGHNY,2026-07-22,17,84-85,0.61,0.3126811881188119,-0.297318811881188,1,False,hourly_snapshot,0.3126811881188119,0.40690028436280395,0.61,0.5797338402926052,0.10179698861264612,2026-07-20,55
KXHIGHNY,2026-07-22,17,86-87,0.4,0.5950019801980198,0.1950019801980197,0,False,hourly_snapshot,0.5950019801980198,0.40690028436280395,0.4,0.4198506143576613,0.10179698861264612,2026-07-20,55
KXHIGHNY,2026-07-22,18,84-85,0.875,0.3155960396039604,-0.5594039603960397,1,False,hourly_snapshot,0.3155960396039604,0.40690028436280395,0.875,0.8180543614136953,0.10179698861264612,2026-07-20,55
KXHIGHNY,2026-07-22,18,86-87,0.14,0.5935445544554456,0.4535445544554456,0,False,hourly_snapshot,0.5935445544554456,0.40690028436280395,0.14,0.18616946984522867,0.10179698861264612,2026-07-20,55
KXHIGHNY,2026-07-23,13,79-80,0.52,0.5341782178217822,0.0141782178217821,1,False,hourly_snapshot,0.5341782178217822,0.4095808906374893,0.52,0.521506949494527,0.10628624228158505,2026-07-21,56
KXHIGHNY,2026-07-23,13,81-82,0.48,0.2100920792079213,-0.2699079207920787,0,False,hourly_snapshot,0.2100920792079213,0.2505482577246338,0.48,0.45131250133697426,0.10628624228158505,2026-07-21,56
KXHIGHNY,2026-07-23,14,79-80,0.61,0.2152,-0.3947999999999999,1,False,metar_6h_group,0.2152,0.2505482577246338,0.61,0.5680381915472302,0.10628624228158505,2026-07-21,56
KXHIGHNY,2026-07-23,14,81-82,0.19,0.021,-0.1689999999999999,0,False,metar_6h_group,0.021,0.11758919309248185,0.19,0.1720376250544121,0.10628624228158505,2026-07-21,56
KXHIGHNY,2026-07-23,15,79-80,0.755,0.6900871287128719,-0.064912871287128,1,False,hourly_snapshot,0.6900871287128719,0.7993790621110969,0.755,0.748100654835183,0.10628624228158505,2026-07-21,56
KXHIGHNY,2026-07-23,15,81-82,0.2299999999999999,0.2622237623762387,0.0322237623762386,0,False,hourly_snapshot,0.2622237623762387,0.35650767987065485,0.2299999999999999,0.23342494261514504,0.10628624228158505,2026-07-21,56
KXHIGHNY,2026-07-23,16,79-80,0.965,0.7264158415841576,-0.2385841584158423,1,False,hourly_snapshot,0.7264158415841576,0.7993790621110969,0.965,0.9396417863340657,0.10628624228158505,2026-07-21,56
KXHIGHNY,2026-07-24,13,81-82,0.725,0.490594059405941,-0.2344059405940589,0,False,hourly_snapshot,0.490594059405941,0.41236416473889004,0.725,0.6980786720546389,0.11484917096014687,2026-07-22,57
KXHIGHNY,2026-07-24,13,83-84,0.255,0.3617603960396039,0.1067603960396039,1,False,hourly_snapshot,0.3617603960396039,0.41236416473889004,0.255,0.2672613429765255,0.11484917096014687,2026-07-22,57
KXHIGHNY,2026-07-24,14,81-82,0.79,0.7533,-0.0367,0,False,metar_6h_group,0.7533,0.7993790621110969,0.79,0.7857850354257626,0.11484917096014687,2026-07-22,57
KXHIGHNY,2026-07-24,14,83-84,0.195,0.2152,0.0202,1,False,metar_6h_group,0.2152,0.2505482577246338,0.195,0.19731995325339496,0.11484917096014687,2026-07-22,57
KXHIGHNY,2026-07-24,15,81-82,0.875,0.8845,0.0094999999999999,0,False,metar_6h_group,0.8845,0.7993790621110969,0.875,0.8760910671241214,0.11484917096014687,2026-07-22,57
KXHIGHNY,2026-07-24,15,83-84,0.125,0.1076,-0.0173999999999999,1,False,metar_6h_group,0.1076,0.2505482577246338,0.125,0.12300162442529344,0.11484917096014687,2026-07-22,57
KXHIGHNY,2026-07-24,16,81-82,0.935,0.9516,0.0165999999999999,0,True,metar_6h_group,0.9516,0.8986971814926613,0.935,0.9369064962379385,0.11484917096014687,2026-07-22,57
KXHIGHNY,2026-07-24,16,83-84,0.065,0.0484,-0.0166,1,True,metar_6h_group,0.0484,0.11758919309248185,0.065,0.06309350376206156,0.11484917096014687,2026-07-22,57
KXHIGHNY,2026-07-25,13,80-81,0.645,0.490594059405941,-0.154405940594059,1,False,hourly_snapshot,0.490594059405941,0.417978715090893,0.645,0.6276688975646234,0.11224375415024329,2026-07-23,58
KXHIGHNY,2026-07-25,13,82-83,0.345,0.3617603960396039,0.0167603960396039,0,False,hourly_snapshot,0.3617603960396039,0.417978715090893,0.345,0.34688124977253,0.11224375415024329,2026-07-23,58
KXHIGHNY,2026-07-25,14,80-81,0.8200000000000001,0.8937,0.0736999999999999,1,False,metar_6h_group,0.8937,0.8986971814926613,0.8200000000000001,0.828272364680873,0.11224375415024329,2026-07-23,58
KXHIGHNY,2026-07-25,14,82-83,0.175,0.0931999999999999,-0.0818,0,False,metar_6h_group,0.0931999999999999,0.11657242068916358,0.175,0.16581846091051008,0.11224375415024329,2026-07-23,58
KXHIGHNY,2026-07-25,15,80-81,0.91,0.9619,0.0518999999999999,1,False,metar_6h_group,0.9619,1.0,0.91,0.9158254508403977,0.11224375415024329,2026-07-23,58
KXHIGHNY,2026-07-25,15,82-83,0.08,0.0329,-0.0470999999999999,0,False,metar_6h_group,0.0329,0.11657242068916358,0.08,0.07471331917952354,0.11224375415024329,2026-07-23,58
KXHIGHNY,2026-07-25,16,80-81,0.9,0.9843,0.0842999999999999,1,True,metar_6h_group,0.9843,1.0,0.9,0.9094621484748655,0.11224375415024329,2026-07-23,58
KXHIGHNY,2026-07-25,16,82-83,0.08,0.0157,-0.0642999999999999,0,True,metar_6h_group,0.0157,0.11657242068916358,0.08,0.07278272660813936,0.11224375415024329,2026-07-23,58
KXHIGHNY,2026-07-26,13,83-84,0.8,0.490594059405941,-0.309405940594059,0,False,hourly_snapshot,0.490594059405941,0.4193275842340339,0.8,0.7627397385031907,0.120425165157688,2026-07-24,59
KXHIGHNY,2026-07-26,13,85-86,0.21,0.3617603960396039,0.1517603960396039,1,False,hourly_snapshot,0.3617603960396039,0.4193275842340339,0.21,0.22827577075746544,0.120425165157688,2026-07-24,59
KXHIGHNY,2026-07-26,14,83-84,0.9,0.7533,-0.1467,0,False,metar_6h_group,0.7533,0.7679552798288827,0.9,0.8823336282713672,0.120425165157688,2026-07-24,59
KXHIGHNY,2026-07-26,14,85-86,0.105,0.2152,0.1102,1,False,metar_6h_group,0.2152,0.2842983722320558,0.105,0.11827085320037721,0.120425165157688,2026-07-24,59
KXHIGHNY,2026-07-26,15,83-84,0.875,0.8845,0.0094999999999999,0,False,metar_6h_group,0.8845,0.7679552798288827,0.875,0.8761440390689981,0.120425165157688,2026-07-24,59
KXHIGHNY,2026-07-26,15,85-86,0.12,0.1076,-0.0123999999999999,1,False,metar_6h_group,0.1076,0.2842983722320558,0.12,0.11850672795204467,0.120425165157688,2026-07-24,59
KXHIGHNY,2026-07-26,16,83-84,0.695,0.9516,0.2566,0,False,metar_6h_group,0.9516,0.8625335891828537,0.695,0.7259010973794627,0.120425165157688,2026-07-24,59
KXHIGHNY,2026-07-26,16,85-86,0.305,0.0484,-0.2566,1,False,metar_6h_group,0.0484,0.12320621279148451,0.305,0.27409890262053727,0.120425165157688,2026-07-24,59
KXHIGHNY,2026-07-27,13,83-84,0.695,0.490594059405941,-0.2044059405940589,1,False,hourly_snapshot,0.490594059405941,0.4206328059115799,0.695,0.670585100382853,0.1194431998707602,2026-07-25,60
KXHIGHNY,2026-07-27,13,85-86,0.305,0.3617603960396039,0.0567603960396039,0,False,hourly_snapshot,0.3617603960396039,0.4206328059115799,0.305,0.3117796433289019,0.1194431998707602,2026-07-25,60
KXHIGHNY,2026-07-27,14,83-84,0.925,0.6113227722772279,-0.3136772277227722,1,False,hourly_snapshot,0.6113227722772279,0.7679552798288827,0.925,0.887533388194203,0.1194431998707602,2026-07-25,60
KXHIGHNY,2026-07-27,14,85-86,0.06,0.3096059405940594,0.2496059405940594,0,False,hourly_snapshot,0.3096059405940594,0.4206328059115799,0.06,0.08981373225130533,0.1194431998707602,2026-07-25,60
KXHIGHNY,2026-07-28,13,77-78,0.52,0.1777108910891088,-0.3422891089108911,0,False,hourly_snapshot,0.1777108910891088,0.3069092941619303,0.52,0.4769166401270132,0.12586833396502484,2026-07-26,61
KXHIGHNY,2026-07-28,13,79-80,0.43,0.5341782178217822,0.1041782178217822,1,False,hourly_snapshot,0.5341782178217822,0.42189646494641836,0.43,0.4431127387126732,0.12586833396502484,2026-07-26,61
KXHIGHNY,2026-07-28,13,81-82,0.055,0.2100920792079213,0.1550920792079213,0,False,hourly_snapshot,0.2100920792079213,0.3069092941619303,0.055,0.07452118162107273,0.12586833396502484,2026-07-26,61
KXHIGHNY,2026-07-28,14,79-80,0.935,0.8937,-0.0413,1,False,metar_6h_group,0.8937,0.8355301124929517,0.935,0.9298016378072446,0.12586833396502484,2026-07-26,61
KXHIGHNY,2026-07-28,14,81-82,0.055,0.0931999999999999,0.0381999999999999,0,False,metar_6h_group,0.0931999999999999,0.12690361085009566,0.055,0.059808170357463934,0.12586833396502484,2026-07-26,61
KXHIGHNY,2026-07-29,13,78-79,0.37,0.490594059405941,0.120594059405941,0,False,hourly_snapshot,0.490594059405941,0.417859088950373,0.37,0.3839082723635227,0.11533132255466241,2026-07-27,62
KXHIGHNY,2026-07-29,13,80-81,0.555,0.3617603960396039,-0.1932396039603961,1,False,hourly_snapshot,0.3617603960396039,0.417859088950373,0.555,0.5327134209053084,0.11533132255466241,2026-07-27,62
KXHIGHNY,2026-07-29,13,82-83,0.0849999999999999,0.103690099009901,0.018690099009901,0,False,hourly_snapshot,0.103690099009901,0.12690361085009566,0.0849999999999999,0.08715555383748938,0.11533132255466241,2026-07-27,62
KXHIGHNY,2026-07-29,14,78-79,0.615,0.7533,0.1382999999999999,0,False,metar_6h_group,0.7533,0.741348983881864,0.615,0.6309503219093098,0.11533132255466241,2026-07-27,62
KXHIGHNY,2026-07-29,14,80-81,0.355,0.2152,-0.1397999999999999,1,False,metar_6h_group,0.2152,0.3069092941619303,0.355,0.3388766811068582,0.11533132255466241,2026-07-27,62
KXHIGHNY,2026-07-29,15,78-79,0.365,0.2802376237623763,-0.0847623762376236,0,False,hourly_snapshot,0.2802376237623763,0.417859088950373,0.365,0.355224243045639,0.11533132255466241,2026-07-27,62
KXHIGHNY,2026-07-29,15,80-81,0.6100000000000001,0.5932554455445557,-0.0167445544554444,1,False,hourly_snapshot,0.5932554455445557,0.417859088950373,0.6100000000000001,0.6080688283890652,0.11533132255466241,2026-07-27,62
KXHIGHNY,2026-07-29,16,78-79,0.445,0.3014970297029702,-0.1435029702970297,0,False,hourly_snapshot,0.3014970297029702,0.417859088950373,0.445,0.4284496126451211,0.11533132255466241,2026-07-27,62
KXHIGHNY,2026-07-29,16,80-81,0.54,0.594887128712871,0.0548871287128709,1,False,hourly_snapshot,0.594887128712871,0.417859088950373,0.54,0.5463302051456834,0.11533132255466241,2026-07-27,62
KXHIGHNY,2026-07-29,18,76-77,0.13,0.0,-0.13,0,False,hourly_snapshot,0.0,0.0,0.13,0.1150069280678939,0.11533132255466241,2026-07-27,62
KXHIGHNY,2026-07-30,13,77-78,0.285,0.051189108910891,-0.2338108910891089,0,False,hourly_snapshot,0.051189108910891,0.12544043748727451,0.285,0.2554154968580932,0.12653175822605986,2026-07-28,63
KXHIGHNY,2026-07-30,14,77-78,0.125,0.0051999999999999,-0.1198,0,False,metar_6h_group,0.0051999999999999,0.022349528616960115,0.125,0.10984149536451801,0.12653175822605986,2026-07-28,63
KXHIGHNY,2026-07-30,15,77-78,0.11,0.0039,-0.1060999999999999,0,False,metar_6h_group,0.0039,0.022349528616960115,0.11,0.09657498045221505,0.12653175822605986,2026-07-28,63
KXHIGHNY,2026-07-30,16,77-78,0.045,0.0,-0.045,0,False,metar_6h_group,0.0,0.0,0.045,0.03930607087982731,0.12653175822605986,2026-07-28,63
KXHIGHNY,2026-07-30,17,77-78,0.095,0.0,-0.095,0,False,metar_6h_group,0.0,0.0,0.095,0.08297948296852431,0.12653175822605986,2026-07-28,63
KXHIGHTLV,2026-06-24,13,102-103,0.285,0.0046019801980198,-0.2803980198019802,0,False,hourly_snapshot,0.0046019801980198,0.0,0.285,0.2615354495058192,0.08368301071010295,2026-06-22,30
KXHIGHTLV,2026-06-24,14,102-103,0.12,0.0002980198019801,-0.1197019801980198,0,False,hourly_snapshot,0.0002980198019801,0.0,0.12,0.10998297790906857,0.08368301071010295,2026-06-22,30
KXHIGHTLV,2026-06-24,15,102-103,0.12,0.0001039603960396,-0.1198960396039603,0,False,hourly_snapshot,0.0001039603960396,0.0,0.12,0.10996673843372284,0.08368301071010295,2026-06-22,30
KXHIGHTLV,2026-06-24,16,102-103,0.165,5.148514851485131e-05,-0.1649485148514851,0,False,hourly_snapshot,5.148514851485131e-05,0.0,0.165,0.1511966116650676,0.08368301071010295,2026-06-22,30
KXHIGHTLV,2026-06-24,17,102-103,0.045,7.82178217821784e-05,-0.0449217821782178,0,False,hourly_snapshot,7.82178217821784e-05,0.0,0.045,0.041240810020863286,0.08368301071010295,2026-06-22,30
KXHIGHTLV,2026-06-25,13,103-104,0.225,0.4647326732673275,0.2397326732673275,0,False,hourly_snapshot,0.4647326732673275,0.48739905956801327,0.225,0.24513084403987404,0.08397205005688142,2026-06-23,31
KXHIGHTLV,2026-06-25,13,105-106,0.72,0.2464049504950494,-0.4735950495049505,0,False,hourly_snapshot,0.2464049504950494,0.48739905956801327,0.72,0.680231252796279,0.08397205005688142,2026-06-23,31
KXHIGHTLV,2026-06-25,13,107-108,0.075,0.051491089108911,-0.0235089108910889,1,False,hourly_snapshot,0.051491089108911,0.22459266668421474,0.075,0.07302590855787071,0.08397205005688142,2026-06-23,31
KXHIGHTLV,2026-06-25,14,105-106,0.69,0.4149336633663364,-0.2750663366336635,0,False,hourly_snapshot,0.4149336633663364,0.48739905956801327,0.69,0.6669021158112349,0.08397205005688142,2026-06-23,31
KXHIGHTLV,2026-06-25,14,107-108,0.245,0.0819128712871286,-0.1630871287128713,1,False,hourly_snapshot,0.0819128712871286,0.3056928438946567,0.245,0.2313052394640897,0.08397205005688142,2026-06-23,31
KXHIGHTLV,2026-06-25,15,105-106,0.7,0.2197722772277227,-0.4802277227722772,0,False,hourly_snapshot,0.2197722772277227,0.3056928438946567,0.7,0.6596742936246641,0.08397205005688142,2026-06-23,31
KXHIGHTLV,2026-06-25,15,107-108,0.28,0.7052910891089107,0.4252910891089106,1,False,hourly_snapshot,0.7052910891089107,0.757287215043331,0.28,0.3157125646233991,0.08397205005688142,2026-06-23,31
KXHIGHTLV,2026-06-25,16,107-108,0.95,0.7011118811881203,-0.2488881188118796,1,False,hourly_snapshot,0.7011118811881203,0.7301564669170884,0.95,0.9291003544285658,0.08397205005688142,2026-06-23,31
KXHIGHTLV,2026-06-25,16,109-110,0.03,0.0187702970297029,-0.011229702970297,0,False,hourly_snapshot,0.0187702970297029,0.07171712454319373,0.03,0.029057018820054303,0.08397205005688142,2026-06-23,31
KXHIGHTLV,2026-06-25,17,107-108,0.96,0.9987,0.0387,1,False,metar_6h_group,0.9987,1.0,0.96,0.9632497183372013,0.08397205005688142,2026-06-23,31
KXHIGHTLV,2026-06-26,13,101-102,0.4549999999999999,0.2317257425742573,-0.2232742574257426,0,False,hourly_snapshot,0.2317257425742573,0.38724751662689305,0.4549999999999999,0.43449060318107546,0.09185741811612803,2026-06-24,32
KXHIGHTLV,2026-06-26,13,103-104,0.485,0.4647326732673275,-0.0202673267326724,1,False,hourly_snapshot,0.4647326732673275,0.48739905956801327,0.485,0.48313829569422073,0.09185741811612803,2026-06-24,32
KXHIGHTLV,2026-06-26,14,101-102,0.695,0.4945663366336641,-0.2004336633663358,0,False,hourly_snapshot,0.4945663366336641,0.48739905956801327,0.695,0.6765886811796111,0.09185741811612803,2026-06-24,32
KXHIGHTLV,2026-06-26,14,103-104,0.335,0.4149336633663364,0.0799336633663364,1,False,hourly_snapshot,0.4149336633663364,0.48739905956801327,0.335,0.3423424999373954,0.09185741811612803,2026-06-24,32
KXHIGHTLV,2026-06-26,15,101-102,0.51,0.712169306930693,0.202169306930693,0,False,hourly_snapshot,0.712169306930693,0.757287215043331,0.51,0.5285707505569806,0.09185741811612803,2026-06-24,32
KXHIGHTLV,2026-06-26,15,103-104,0.51,0.265147524752475,-0.2448524752475249,1,False,hourly_snapshot,0.265147524752475,0.48739905956801327,0.51,0.4875084838044192,0.09185741811612803,2026-06-24,32
KXHIGHTLV,2026-06-26,16,101-102,0.565,0.2795346534653465,-0.2854653465346534,0,False,hourly_snapshot,0.2795346534653465,0.48739905956801327,0.565,0.5387778903057009,0.09185741811612803,2026-06-24,32
KXHIGHTLV,2026-06-26,16,103-104,0.32,0.7011118811881203,0.3811118811881203,1,False,hourly_snapshot,0.7011118811881203,0.7301564669170884,0.32,0.3550079534193213,0.09185741811612803,2026-06-24,32
KXHIGHTLV,2026-06-27,13,95-96,0.525,0.4012257425742579,-0.1237742574257421,1,False,hourly_snapshot,0.4012257425742579,0.468345098884518,0.525,0.5102396561803094,0.11925212985863419,2026-06-25,33
KXHIGHTLV,2026-06-27,13,97-98,0.44,0.123369306930693,-0.3166306930693069,0,False,hourly_snapshot,0.123369306930693,0.31169955844288977,0.44,0.40224111547286967,0.11925212985863419,2026-06-25,33
KXHIGHTLV,2026-06-27,14,95-96,0.525,0.4149336633663364,-0.1100663366336636,1,False,hourly_snapshot,0.4149336633663364,0.468345098884518,0.525,0.5118743549306982,0.11925212985863419,2026-06-25,33
KXHIGHTLV,2026-06-27,14,97-98,0.3349999999999999,0.0819128712871286,-0.2530871287128713,0,False,hourly_snapshot,0.0819128712871286,0.31169955844288977,0.3349999999999999,0.3048188208611837,0.11925212985863419,2026-06-25,33
KXHIGHTLV,2026-06-27,14,99-100,0.035,0.008289108910891,-0.0267108910891089,0,False,hourly_snapshot,0.008289108910891,0.06987955233856173,0.035,0.03181466934720174,0.11925212985863419,2026-06-25,33
KXHIGHTLV,2026-06-27,15,95-96,0.73,0.7052910891089107,-0.0247089108910892,1,False,hourly_snapshot,0.7052910891089107,0.7658376498225421,0.73,0.7270534097497504,0.11925212985863419,2026-06-25,33
KXHIGHTLV,2026-06-27,15,97-98,0.2,0.0704584158415841,-0.1295415841584158,0,False,hourly_snapshot,0.0704584158415841,0.25407355827055766,0.2,0.1845518901838474,0.11925212985863419,2026-06-25,33
KXHIGHTLV,2026-06-27,16,95-96,0.585,0.8452366336633672,0.2602366336633672,1,False,hourly_snapshot,0.8452366336633672,0.8737712434807555,0.585,0.6160337728315977,0.11925212985863419,2026-06-25,33
KXHIGHTLV,2026-06-27,16,97-98,0.375,0.1442960396039608,-0.2307039603960391,0,False,hourly_snapshot,0.1442960396039608,0.31169955844288977,0.375,0.34748806135595034,0.11925212985863419,2026-06-25,33
KXHIGHTLV,2026-06-27,16,99-100,0.03,0.0104158415841584,-0.0195841584158415,0,False,hourly_snapshot,0.0104158415841584,0.06987955233856173,0.03,0.027664547397421992,0.11925212985863419,2026-06-25,33
KXHIGHTLV,2026-06-27,17,95-96,0.955,0.9921,0.0371,1,False,metar_6h_group,0.9921,1.0,0.955,0.9594242540177553,0.11925212985863419,2026-06-25,33
KXHIGHTLV,2026-06-27,17,97-98,0.04,0.0079,-0.0320999999999999,0,False,metar_6h_group,0.0079,0.06987955233856173,0.04,0.03617200663153784,0.11925212985863419,2026-06-25,33
KXHIGHTLV,2026-06-28,13,91-92,0.165,0.4012257425742579,0.2362257425742579,0,False,hourly_snapshot,0.4012257425742579,0.47820977881124194,0.165,0.19698281747304563,0.13539090670015264,2026-06-26,34
KXHIGHTLV,2026-06-28,13,93-94,0.775,0.123369306930693,-0.651630693069307,1,False,hourly_snapshot,0.123369306930693,0.3057913819900116,0.775,0.6867751296316977,0.13539090670015264,2026-06-26,34
KXHIGHTLV,2026-06-28,13,95-96,0.075,0.0164663366336634,-0.0585336633663365,0,False,hourly_snapshot,0.0164663366336634,0.06987955233856173,0.075,0.06707507424435018,0.13539090670015264,2026-06-26,34
KXHIGHTLV,2026-06-28,14,91-92,0.1,0.6378930693069313,0.5378930693069314,0,False,hourly_snapshot,0.6378930693069313,0.6225897831684652,0.1,0.17282583036119348,0.13539090670015264,2026-06-26,34
KXHIGHTLV,2026-06-28,14,93-94,0.79,0.1937900990099008,-0.5962099009900992,1,False,hourly_snapshot,0.1937900990099008,0.3057913819900116,0.79,0.7092786009213423,0.13539090670015264,2026-06-26,34
KXHIGHTLV,2026-06-28,14,95-96,0.065,0.0318702970297029,-0.033129702970297,0,False,hourly_snapshot,0.0318702970297029,0.06987955233856173,0.065,0.06051453947614474,0.13539090670015264,2026-06-26,34
KXHIGHTLV,2026-06-28,15,91-92,0.205,0.2197722772277227,0.0147722772277226,0,False,hourly_snapshot,0.2197722772277227,0.3057913819900116,0.205,0.20700003200788739,0.13539090670015264,2026-06-26,34
KXHIGHTLV,2026-06-28,15,93-94,0.665,0.7052910891089107,0.0402910891089106,1,False,hourly_snapshot,0.7052910891089107,0.745436849084792,0.665,0.6704550470863921,0.13539090670015264,2026-06-26,34
KXHIGHTLV,2026-06-28,15,95-96,0.0849999999999999,0.0704584158415841,-0.0145415841584158,0,False,hourly_snapshot,0.0704584158415841,0.25407355827055766,0.0849999999999999,0.08303120173593541,0.13539090670015264,2026-06-26,34
KXHIGHTLV,2026-06-28,16,93-94,0.915,0.7011118811881203,-0.2138881188118797,1,False,hourly_snapshot,0.7011118811881203,0.745436849084792,0.915,0.8860414936616696,0.13539090670015264,2026-06-26,34
KXHIGHTLV,2026-06-28,16,95-96,0.075,0.0187702970297029,-0.056229702970297,0,False,hourly_snapshot,0.0187702970297029,0.06987955233856173,0.075,0.06738700953137121,0.13539090670015264,2026-06-26,34
KXHIGHTLV,2026-06-28,17,93-94,0.91,0.9987,0.0887000000000001,1,False,metar_6h_group,0.9987,1.0,0.91,0.9220091734243036,0.13539090670015264,2026-06-26,34
KXHIGHTLV,2026-06-28,17,95-96,0.1,0.0012999999999999,-0.0987,0,False,metar_6h_group,0.0012999999999999,0.0,0.1,0.08663691750869493,0.13539090670015264,2026-06-26,34
KXHIGHTLV,2026-06-29,13,91-92,0.505,0.051491089108911,-0.453508910891089,0,False,hourly_snapshot,0.051491089108911,0.24627090044485353,0.505,0.4405060934152143,0.14221089164061437,2026-06-27,35
KXHIGHTLV,2026-06-29,13,93-94,0.455,0.0046019801980198,-0.4503980198019802,1,False,hourly_snapshot,0.0046019801980198,0.0,0.455,0.3909484960107933,0.14221089164061437,2026-06-27,35
KXHIGHTLV,2026-06-29,14,91-92,0.625,0.0819128712871286,-0.5430871287128713,0,False,hourly_snapshot,0.0819128712871286,0.2946224139164786,0.625,0.5477670951872015,0.14221089164061437,2026-06-27,35
KXHIGHTLV,2026-06-29,14,93-94,0.3,0.008289108910891,-0.2917108910891089,1,False,hourly_snapshot,0.008289108910891,0.060555647978705704,0.3,0.25851553407693967,0.14221089164061437,2026-06-27,35
KXHIGHTLV,2026-06-29,15,91-92,0.74,0.0704584158415841,-0.6695415841584158,0,False,hourly_snapshot,0.0704584158415841,0.24627090044485353,0.74,0.6447838943263622,0.14221089164061437,2026-06-27,35
KXHIGHTLV,2026-06-29,15,93-94,0.175,0.0043742574257425,-0.1706257425742574,1,False,hourly_snapshot,0.0043742574257425,0.0,0.175,0.1507351610116729,0.14221089164061437,2026-06-27,35
KXHIGHTLV,2026-06-29,16,91-92,0.7849999999999999,0.8452366336633672,0.0602366336633672,0,False,hourly_snapshot,0.8452366336633672,0.8824284419027957,0.7849999999999999,0.7935663053826965,0.14221089164061437,2026-06-27,35
KXHIGHTLV,2026-06-29,16,93-94,0.22,0.1442960396039608,-0.0757039603960391,1,False,hourly_snapshot,0.1442960396039608,0.2946224139164786,0.22,0.20923407229135352,0.14221089164061437,2026-06-27,35
KXHIGHTLV,2026-06-29,17,91-92,0.79,0.2946831683168316,-0.4953168316831683,0,False,hourly_snapshot,0.2946831683168316,0.49213951782931525,0.79,0.7195605517217325,0.14221089164061437,2026-06-27,35
KXHIGHTLV,2026-06-29,17,93-94,0.255,0.6937960396039617,0.4387960396039617,1,False,hourly_snapshot,0.6937960396039617,0.6225897831684652,0.255,0.3174015760404497,0.14221089164061437,2026-06-27,35
KXHIGHTLV,2026-06-30,13,92-93,0.04,0.39930198019802,0.35930198019802,0,False,hourly_snapshot,0.39930198019802,0.4854357004701774,0.04,0.08677649849545704,0.13018714361016712,2026-06-28,36
KXHIGHTLV,2026-06-30,13,94-95,0.8049999999999999,0.4012257425742579,-0.403774257425742,1,False,hourly_snapshot,0.4012257425742579,0.4854357004701774,0.8049999999999999,0.7524337827624262,0.13018714361016712,2026-06-28,36
KXHIGHTLV,2026-06-30,13,96-97,0.175,0.123369306930693,-0.0516306930693069,0,False,hourly_snapshot,0.123369306930693,0.30675684447230817,0.175,0.16827834754669366,0.13018714361016712,2026-06-28,36
KXHIGHTLV,2026-06-30,14,94-95,0.8400000000000001,0.4149336633663364,-0.4250663366336636,1,False,hourly_snapshot,0.4149336633663364,0.4854357004701774,0.8400000000000001,0.7846618277888256,0.13018714361016712,2026-06-28,36
KXHIGHTLV,2026-06-30,14,96-97,0.11,0.0819128712871286,-0.0280871287128713,0,False,hourly_snapshot,0.0819128712871286,0.30675684447230817,0.11,0.10634341694066016,0.13018714361016712,2026-06-28,36
KXHIGHTLV,2026-06-30,15,92-93,0.045,0.712169306930693,0.667169306930693,0,False,hourly_snapshot,0.712169306930693,0.7578448548222817,0.045,0.13185686637368177,0.13018714361016712,2026-06-28,36
KXHIGHTLV,2026-06-30,15,94-95,0.83,0.265147524752475,-0.5648524752475249,1,False,hourly_snapshot,0.265147524752475,0.481498971326643,0.83,0.7564634696863921,0.13018714361016712,2026-06-28,36
KXHIGHTLV,2026-06-30,15,96-97,0.13,0.0219722772277227,-0.1080277227722772,0,False,hourly_snapshot,0.0219722772277227,0.063080063157084,0.13,0.11593617934156622,0.13018714361016712,2026-06-28,36
KXHIGHTLV,2026-06-30,16,94-95,0.88,0.8452366336633672,-0.0347633663366327,1,False,hourly_snapshot,0.8452366336633672,0.8824284419027957,0.88,0.87547425663436,0.13018714361016712,2026-06-28,36
KXHIGHTLV,2026-06-30,16,96-97,0.105,0.1442960396039608,0.0392960396039608,0,False,hourly_snapshot,0.1442960396039608,0.30675684447230817,0.105,0.11011583915123166,0.13018714361016712,2026-06-28,36
KXHIGHTLV,2026-06-30,17,94-95,0.94,0.9921,0.0521,1,False,metar_6h_group,0.9921,1.0,0.94,0.9467827501820897,0.13018714361016712,2026-06-28,36
KXHIGHTLV,2026-06-30,17,96-97,0.045,0.0079,-0.0370999999999999,0,False,metar_6h_group,0.0079,0.060555647978705704,0.045,0.0401700569720628,0.13018714361016712,2026-06-28,36
KXHIGHTLV,2026-07-01,13,96-97,0.605,0.2464049504950494,-0.3585950495049506,0,False,hourly_snapshot,0.2464049504950494,0.4778596989376211,0.605,0.5498101067883513,0.15390589827673237,2026-06-29,37
KXHIGHTLV,2026-07-01,13,98-99,0.38,0.051491089108911,-0.328508910891089,1,False,hourly_snapshot,0.051491089108911,0.2234656778410641,0.38,0.32944054097739595,0.15390589827673237,2026-06-29,37
KXHIGHTLV,2026-07-01,14,96-97,0.6,0.1937900990099008,-0.4062099009900991,0,False,hourly_snapshot,0.1937900990099008,0.31206905396743534,0.6,0.5374819002992163,0.15390589827673237,2026-06-29,37
KXHIGHTLV,2026-07-01,14,98-99,0.365,0.0318702970297029,-0.333129702970297,1,False,hourly_snapshot,0.0318702970297029,0.10624345270115491,0.365,0.31372937382169536,0.15390589827673237,2026-06-29,37
KXHIGHTLV,2026-07-01,15,96-97,0.72,0.7052910891089107,-0.0147089108910892,0,False,hourly_snapshot,0.7052910891089107,0.7578448548222817,0.72,0.7177362118566345,0.15390589827673237,2026-06-29,37
KXHIGHTLV,2026-07-01,15,98-99,0.305,0.0704584158415841,-0.2345415841584158,1,False,hourly_snapshot,0.0704584158415841,0.2234656778410641,0.305,0.26890266680685115,0.15390589827673237,2026-06-29,37
KXHIGHTLV,2026-07-01,16,96-97,0.73,0.2795346534653465,-0.4504653465346535,0,False,hourly_snapshot,0.2795346534653465,0.4778596989376211,0.73,0.6606707261990445,0.15390589827673237,2026-06-29,37
KXHIGHTLV,2026-07-01,16,98-99,0.265,0.7011118811881203,0.4361118811881203,1,False,hourly_snapshot,0.7011118811881203,0.7578448548222817,0.265,0.33212019082341326,0.15390589827673237,2026-06-29,37
KXHIGHTLV,2026-07-01,17,100-101,0.03,0.0012999999999999,-0.0287,0,False,metar_6h_group,0.0012999999999999,0.0,0.03,0.025582900719457763,0.15390589827673237,2026-06-29,37
KXHIGHTLV,2026-07-01,17,98-99,0.97,0.9987,0.0287,1,False,metar_6h_group,0.9987,1.0,0.97,0.9744170992805422,0.15390589827673237,2026-06-29,37
KXHIGHTLV,2026-07-02,13,100-101,0.425,0.123369306930693,-0.3016306930693069,1,False,hourly_snapshot,0.123369306930693,0.3017019096264176,0.425,0.38181976682739094,0.14315596577131942,2026-06-30,38
KXHIGHTLV,2026-07-02,13,98-99,0.495,0.4012257425742579,-0.093774257425742,0,False,hourly_snapshot,0.4012257425742579,0.4988898833793277,0.495,0.48157565561372956,0.14315596577131942,2026-06-30,38
KXHIGHTLV,2026-07-02,14,100-101,0.26,0.0819128712871286,-0.1780871287128713,1,False,hourly_snapshot,0.0819128712871286,0.3017019096264176,0.26,0.23450576509766763,0.14315596577131942,2026-06-30,38
KXHIGHTLV,2026-07-02,14,96-97,0.035,0.4945663366336641,0.4595663366336641,0,False,hourly_snapshot,0.4945663366336641,0.4988898833793277,0.035,0.10078966275677947,0.14315596577131942,2026-06-30,38
KXHIGHTLV,2026-07-02,14,98-99,0.685,0.4149336633663364,-0.2700663366336636,0,False,hourly_snapshot,0.4149336633663364,0.4988898833793277,0.685,0.6463383927568856,0.14315596577131942,2026-06-30,38
KXHIGHTLV,2026-07-02,15,100-101,0.255,0.0219722772277227,-0.2330277227722772,1,False,hourly_snapshot,0.0219722772277227,0.10305719157817995,0.255,0.22164069129504338,0.14315596577131942,2026-06-30,38
KXHIGHTLV,2026-07-02,15,98-99,0.78,0.265147524752475,-0.514852475247525,0,False,hourly_snapshot,0.265147524752475,0.4786729915792874,0.78,0.7062957966761862,0.14315596577131942,2026-06-30,38
KXHIGHTLV,2026-07-02,16,100-101,0.365,0.1442960396039608,-0.2207039603960391,1,False,hourly_snapshot,0.1442960396039608,0.3017019096264176,0.365,0.33340491139995,0.14315596577131942,2026-06-30,38
KXHIGHTLV,2026-07-02,16,98-99,0.615,0.8452366336633672,0.2302366336633672,0,False,hourly_snapshot,0.8452366336633672,0.8263319885618353,0.615,0.6479597476480168,0.14315596577131942,2026-06-30,38
KXHIGHTLV,2026-07-02,17,100-101,0.965,0.9987,0.0337,1,False,metar_6h_group,0.9987,1.0,0.965,0.9698243560464934,0.14315596577131942,2026-06-30,38
KXHIGHTLV,2026-07-03,13,101-102,0.6,0.123369306930693,-0.4766306930693069,1,False,hourly_snapshot,0.123369306930693,0.29774538861745947,0.6,0.526852395294087,0.15346809546584644,2026-07-01,39
KXHIGHTLV,2026-07-03,13,103-104,0.415,0.0164663366336634,-0.3985336633663365,0,False,hourly_snapshot,0.0164663366336634,0.11708977546559933,0.415,0.35383779770414153,0.15346809546584644,2026-07-01,39
KXHIGHTLV,2026-07-03,14,101-102,0.685,0.1937900990099008,-0.4912099009900992,1,False,hourly_snapshot,0.1937900990099008,0.29774538861745947,0.685,0.6096149520210825,0.15346809546584644,2026-07-01,39
KXHIGHTLV,2026-07-03,14,103-104,0.335,0.0318702970297029,-0.303129702970297,0,False,hourly_snapshot,0.0318702970297029,0.1305446424204881,0.335,0.2884792618060208,0.15346809546584644,2026-07-01,39
KXHIGHTLV,2026-07-03,15,101-102,0.74,0.265147524752475,-0.4748524752475249,1,False,hourly_snapshot,0.265147524752475,0.46259549168803477,0.74,0.6671252949965193,0.15346809546584644,2026-07-01,39
KXHIGHTLV,2026-07-03,15,103-104,0.185,0.0219722772277227,-0.1630277227722772,0,False,hourly_snapshot,0.0219722772277227,0.11708977546559933,0.185,0.15998044587800458,0.15346809546584644,2026-07-01,39
KXHIGHTLV,2026-07-03,15,99-100,0.065,0.712169306930693,0.647169306930693,0,False,hourly_snapshot,0.712169306930693,0.7355656474858915,0.065,0.16431984097860527,0.15346809546584644,2026-07-01,39
KXHIGHTLV,2026-07-03,16,101-102,0.7949999999999999,0.8452366336633672,0.0502366336633672,1,False,hourly_snapshot,0.8452366336633672,0.8263319885618353,0.7949999999999999,0.8027097204909324,0.15346809546584644,2026-07-01,39
KXHIGHTLV,2026-07-03,16,103-104,0.185,0.1442960396039608,-0.0407039603960391,0,False,hourly_snapshot,0.1442960396039608,0.29774538861745947,0.185,0.17875324072010262,0.15346809546584644,2026-07-01,39
KXHIGHTLV,2026-07-03,17,101-102,0.845,0.9921,0.1471,1,False,metar_6h_group,0.9921,1.0,0.845,0.867575156843026,0.15346809546584644,2026-07-01,39
KXHIGHTLV,2026-07-03,17,103-104,0.13,0.0079,-0.1220999999999999,0,False,metar_6h_group,0.0079,0.11708977546559933,0.13,0.11126154554362015,0.15346809546584644,2026-07-01,39
KXHIGHTLV,2026-07-04,13,103-104,0.63,0.4012257425742579,-0.2287742574257421,1,False,hourly_snapshot,0.4012257425742579,0.4670003399801925,0.63,0.5965724065716321,0.14611606132835195,2026-07-02,40
KXHIGHTLV,2026-07-04,13,105-106,0.355,0.123369306930693,-0.2316306930693069,0,False,hourly_snapshot,0.123369306930693,0.3243277026914651,0.355,0.32115503544595647,0.14611606132835195,2026-07-02,40
KXHIGHTLV,2026-07-04,14,103-104,0.545,0.4149336633663364,-0.1300663366336636,1,False,hourly_snapshot,0.4149336633663364,0.4670003399801925,0.545,0.5259952191796816,0.14611606132835195,2026-07-02,40
KXHIGHTLV,2026-07-04,14,105-106,0.485,0.0819128712871286,-0.4030871287128713,0,False,hourly_snapshot,0.0819128712871286,0.3243277026914651,0.485,0.42610249638032077,0.14611606132835195,2026-07-02,40
KXHIGHTLV,2026-07-04,15,103-104,0.56,0.7052910891089107,0.1452910891089106,1,False,hourly_snapshot,0.7052910891089107,0.7355656474858915,0.56,0.5812293616867007,0.14611606132835195,2026-07-02,40
KXHIGHTLV,2026-07-04,15,105-106,0.4599999999999999,0.0704584158415841,-0.3895415841584158,0,False,hourly_snapshot,0.0704584158415841,0.2721442028191359,0.4599999999999999,0.4030817179991655,0.14611606132835195,2026-07-02,40
KXHIGHTLV,2026-07-04,16,103-104,0.735,0.8452366336633672,0.1102366336633672,1,False,hourly_snapshot,0.8452366336633672,0.7711843218887222,0.735,0.7511073427249876,0.14611606132835195,2026-07-02,40
KXHIGHTLV,2026-07-04,16,105-106,0.29,0.1442960396039608,-0.1457039603960391,0,False,hourly_snapshot,0.1442960396039608,0.3243277026914651,0.29,0.26871031118698857,0.14611606132835195,2026-07-02,40
KXHIGHTLV,2026-07-04,17,103-104,0.915,0.2946831683168316,-0.6203168316831684,1,False,hourly_snapshot,0.2946831683168316,0.4502803399317907,0.915,0.8243617477787732,0.14611606132835195,2026-07-02,40
KXHIGHTLV,2026-07-04,17,105-106,0.05,0.6937960396039617,0.6437960396039617,0,False,hourly_snapshot,0.6937960396039617,0.6179077463828732,0.05,0.1440689416057226,0.14611606132835195,2026-07-02,40
KXHIGHTLV,2026-07-05,13,102-103,0.075,0.39930198019802,0.32430198019802,0,False,hourly_snapshot,0.39930198019802,0.4632701101317853,0.075,0.11959186032138143,0.13750104237462096,2026-07-03,41
KXHIGHTLV,2026-07-05,13,104-105,0.74,0.4012257425742579,-0.3387742574257421,1,False,hourly_snapshot,0.4012257425742579,0.4670003399801925,0.74,0.6934181864742723,0.13750104237462096,2026-07-03,41
KXHIGHTLV,2026-07-05,13,106-107,0.205,0.123369306930693,-0.0816306930693069,0,False,hourly_snapshot,0.123369306930693,0.3357162525879741,0.205,0.19377569461320754,0.13750104237462096,2026-07-03,41
KXHIGHTLV,2026-07-05,14,102-103,0.18,0.4945663366336641,0.3145663366336641,0,False,hourly_snapshot,0.4945663366336641,0.4670003399801925,0.18,0.22325319918309472,0.13750104237462096,2026-07-03,41
KXHIGHTLV,2026-07-05,14,104-105,0.705,0.4149336633663364,-0.2900663366336635,1,False,hourly_snapshot,0.4149336633663364,0.4670003399801925,0.705,0.6651155763550836,0.13750104237462096,2026-07-03,41
KXHIGHTLV,2026-07-05,14,106-107,0.155,0.0819128712871286,-0.0730871287128713,0,False,hourly_snapshot,0.0819128712871286,0.3357162525879741,0.155,0.1449504436178121,0.13750104237462096,2026-07-03,41
KXHIGHTLV,2026-07-05,15,102-103,0.25,0.712169306930693,0.462169306930693,0,False,hourly_snapshot,0.712169306930693,0.7228048240597172,0.25,0.31354876145652644,0.13750104237462096,2026-07-03,41
KXHIGHTLV,2026-07-05,15,104-105,0.72,0.265147524752475,-0.4548524752475249,1,False,hourly_snapshot,0.265147524752475,0.4632701101317853,0.72,0.6574573105267888,0.13750104237462096,2026-07-03,41
KXHIGHTLV,2026-07-05,15,106-107,0.06,0.0219722772277227,-0.0380277227722772,0,False,hourly_snapshot,0.0219722772277227,0.1636551280173574,0.06,0.05477114847967876,0.13750104237462096,2026-07-03,41
KXHIGHTLV,2026-07-05,16,102-103,0.78,0.8452366336633672,0.0652366336633671,0,False,hourly_snapshot,0.8452366336633672,0.7842726763199663,0.78,0.7889701051297243,0.13750104237462096,2026-07-03,41
KXHIGHTLV,2026-07-05,16,104-105,0.215,0.1442960396039608,-0.0707039603960391,1,False,hourly_snapshot,0.1442960396039608,0.3357162525879741,0.215,0.2052781317455307,0.13750104237462096,2026-07-03,41
KXHIGHTLV,2026-07-05,17,104-105,0.965,0.9987,0.0337,1,False,metar_6h_group,0.9987,1.0,0.965,0.9696337851280247,0.13750104237462096,2026-07-03,41
KXHIGHTLV,2026-07-05,17,106-107,0.035,0.0012999999999999,-0.0337,0,False,metar_6h_group,0.0012999999999999,0.0,0.035,0.030366214871975262,0.13750104237462096,2026-07-03,41
KXHIGHTLV,2026-07-06,13,104-105,0.06,0.2317257425742573,0.1717257425742573,0,False,hourly_snapshot,0.2317257425742573,0.323864880375588,0.06,0.08432128250444257,0.141628634937628,2026-07-04,42
KXHIGHTLV,2026-07-06,13,106-107,0.87,0.4647326732673275,-0.4052673267326724,1,False,hourly_snapshot,0.4647326732673275,0.48878524760016046,0.87,0.8126025417300299,0.141628634937628,2026-07-04,42
KXHIGHTLV,2026-07-06,13,108-109,0.095,0.2464049504950494,0.1514049504950494,0,False,hourly_snapshot,0.2464049504950494,0.4444870917677687,0.095,0.11644327646141299,0.141628634937628,2026-07-04,42
KXHIGHTLV,2026-07-06,14,106-107,0.875,0.6378930693069313,-0.2371069306930686,1,False,hourly_snapshot,0.6378930693069313,0.5906627373943835,0.875,0.84141886907169,0.141628634937628,2026-07-04,42
KXHIGHTLV,2026-07-06,14,108-109,0.13,0.1937900990099008,0.0637900990099008,0,False,hourly_snapshot,0.1937900990099008,0.323864880375588,0.13,0.1390345046453084,0.141628634937628,2026-07-04,42
KXHIGHTLV,2026-07-06,15,106-107,0.535,0.7052910891089107,0.1702910891089106,1,False,hourly_snapshot,0.7052910891089107,0.7279955248482127,0.535,0.559118094492537,0.141628634937628,2026-07-04,42
KXHIGHTLV,2026-07-06,15,108-109,0.4649999999999999,0.0704584158415841,-0.3945415841584158,0,False,hourly_snapshot,0.0704584158415841,0.2638734977862112,0.4649999999999999,0.4091216140095142,0.141628634937628,2026-07-04,42
KXHIGHTLV,2026-07-06,16,106-107,0.905,0.8452366336633672,-0.0597633663366328,1,False,hourly_snapshot,0.8452366336633672,0.7970428363276766,0.905,0.8965357960064654,0.141628634937628,2026-07-04,42
KXHIGHTLV,2026-07-06,16,108-109,0.1149999999999999,0.1442960396039608,0.0292960396039608,0,False,hourly_snapshot,0.1442960396039608,0.323864880375588,0.1149999999999999,0.11914915809818757,0.141628634937628,2026-07-04,42
KXHIGHTLV,2026-07-06,17,106-107,0.885,0.9921,0.1070999999999999,1,False,metar_6h_group,0.9921,1.0,0.885,0.90016842680182,0.141628634937628,2026-07-04,42
KXHIGHTLV,2026-07-06,17,108-109,0.04,0.0079,-0.0320999999999999,0,False,metar_6h_group,0.0079,0.11690870649478652,0.04,0.03545372081850214,0.141628634937628,2026-07-04,42
KXHIGHTLV,2026-07-07,13,106-107,0.04,0.39930198019802,0.35930198019802,0,False,hourly_snapshot,0.39930198019802,0.4777355508182269,0.04,0.08627177753502041,0.12878241725670123,2026-07-05,43
KXHIGHTLV,2026-07-07,13,108-109,0.88,0.4012257425742579,-0.4787742574257421,1,False,hourly_snapshot,0.4012257425742579,0.4967963836584428,0.88,0.8183422938084308,0.12878241725670123,2026-07-05,43
KXHIGHTLV,2026-07-07,13,110-111,0.07,0.123369306930693,0.053369306930693,0,False,hourly_snapshot,0.123369306930693,0.32411520056460574,0.07,0.07687302835384947,0.12878241725670123,2026-07-05,43
KXHIGHTLV,2026-07-07,14,106-107,0.075,0.6378930693069313,0.5628930693069314,0,False,hourly_snapshot,0.6378930693069313,0.5906627373943835,0.075,0.14749073012239047,0.12878241725670123,2026-07-05,43
KXHIGHTLV,2026-07-07,14,108-109,0.865,0.1937900990099008,-0.6712099009900991,1,False,hourly_snapshot,0.1937900990099008,0.32411520056460574,0.865,0.7785599664638639,0.12878241725670123,2026-07-05,43
KXHIGHTLV,2026-07-07,14,110-111,0.09,0.0318702970297029,-0.058129702970297,0,False,hourly_snapshot,0.0318702970297029,0.15396397637732198,0.09,0.08251391633707109,0.12878241725670123,2026-07-05,43
KXHIGHTLV,2026-07-07,15,106-107,0.065,0.712169306930693,0.647169306930693,0,False,hourly_snapshot,0.712169306930693,0.7176580483616819,0.065,0.14834402772087865,0.12878241725670123,2026-07-05,43
KXHIGHTLV,2026-07-07,15,108-109,0.865,0.265147524752475,-0.5998524752475249,1,False,hourly_snapshot,0.265147524752475,0.4777355508182269,0.865,0.7877495482402082,0.12878241725670123,2026-07-05,43
KXHIGHTLV,2026-07-07,15,110-111,0.09,0.0219722772277227,-0.0680277227722772,0,False,hourly_snapshot,0.0219722772277227,0.15396397637732198,0.09,0.08123922542091738,0.12878241725670123,2026-07-05,43
KXHIGHTLV,2026-07-07,16,108-109,0.965,0.7011118811881203,-0.2638881188118797,1,False,hourly_snapshot,0.7011118811881203,0.7176580483616819,0.965,0.9310158501740825,0.12878241725670123,2026-07-05,43
KXHIGHTLV,2026-07-08,13,107-108,0.07,0.39930198019802,0.32930198019802,0,False,hourly_snapshot,0.39930198019802,0.4777355508182269,0.07,0.11293770908561088,0.13039007254007715,2026-07-06,44
KXHIGHTLV,2026-07-08,13,109-110,0.825,0.4012257425742579,-0.423774257425742,1,False,hourly_snapshot,0.4012257425742579,0.5055683944857224,0.825,0.7697440438336401,0.13039007254007715,2026-07-06,44
KXHIGHTLV,2026-07-08,13,111-112,0.11,0.123369306930693,0.013369306930693,0,False,hourly_snapshot,0.123369306930693,0.31429533692732764,0.11,0.11174322490050362,0.13039007254007715,2026-07-06,44
KXHIGHTLV,2026-07-08,14,107-108,0.055,0.4945663366336641,0.4395663366336641,0,False,hourly_snapshot,0.4945663366336641,0.5055683944857224,0.055,0.11231508651983943,0.13039007254007715,2026-07-06,44
KXHIGHTLV,2026-07-08,14,109-110,0.85,0.4149336633663364,-0.4350663366336635,1,False,hourly_snapshot,0.4149336633663364,0.5055683944857224,0.85,0.793271668806591,0.13039007254007715,2026-07-06,44
KXHIGHTLV,2026-07-08,14,111-112,0.09,0.0819128712871286,-0.0080871287128713,0,False,hourly_snapshot,0.0819128712871286,0.31429533692732764,0.09,0.08894551870048775,0.13039007254007715,2026-07-06,44
KXHIGHTLV,2026-07-08,15,109-110,0.91,0.712169306930693,-0.197830693069307,1,False,hourly_snapshot,0.712169306930693,0.7223180296682326,0.91,0.8842048415800393,0.13039007254007715,2026-07-06,44
KXHIGHTLV,2026-07-08,15,111-112,0.11,0.265147524752475,0.155147524752475,0,False,hourly_snapshot,0.265147524752475,0.4777355508182269,0.11,0.13022969700688863,0.13039007254007715,2026-07-06,44
KXHIGHTLV,2026-07-08,16,109-110,0.92,0.8452366336633672,-0.0747633663366328,1,False,hourly_snapshot,0.8452366336633672,0.7739641592913744,0.92,0.9102515992400261,0.13039007254007715,2026-07-06,44
KXHIGHTLV,2026-07-08,16,111-112,0.09,0.1442960396039608,0.0542960396039608,0,False,hourly_snapshot,0.1442960396039608,0.31429533692732764,0.09,0.09707966454259935,0.13039007254007715,2026-07-06,44
KXHIGHTLV,2026-07-08,17,109-110,0.955,0.9987,0.0436999999999999,1,False,metar_6h_group,0.9987,1.0,0.955,0.9606980461700013,0.13039007254007715,2026-07-06,44
KXHIGHTLV,2026-07-08,17,111-112,0.0349999999999999,0.0012999999999999,-0.0337,0,False,metar_6h_group,0.0012999999999999,0.0,0.0349999999999999,0.030605854555399298,0.13039007254007715,2026-07-06,44
KXHIGHTLV,2026-07-09,13,109-110,0.27,0.4647326732673275,0.1947326732673275,0,False,hourly_snapshot,0.4647326732673275,0.5148710151866311,0.27,0.2927966929885139,0.11706660523896142,2026-07-07,45
KXHIGHTLV,2026-07-09,13,111-112,0.685,0.2464049504950494,-0.4385950495049506,1,False,hourly_snapshot,0.2464049504950494,0.4100026168742208,0.685,0.6336551664798412,0.11706660523896142,2026-07-07,45
KXHIGHTLV,2026-07-09,13,113-114,0.05,0.051491089108911,0.001491089108911,0,False,hourly_snapshot,0.051491089108911,0.25677918113105347,0.05,0.050174556740089,0.11706660523896142,2026-07-07,45
KXHIGHTLV,2026-07-09,14,109-110,0.305,0.4945663366336641,0.1895663366336641,0,False,hourly_snapshot,0.4945663366336641,0.5148710151866311,0.305,0.3271918874972892,0.11706660523896142,2026-07-07,45
KXHIGHTLV,2026-07-09,14,111-112,0.71,0.4149336633663364,-0.2950663366336635,1,False,hourly_snapshot,0.4149336633663364,0.5148710151866311,0.71,0.6754575856500004,0.11706660523896142,2026-07-07,45
KXHIGHTLV,2026-07-09,14,113-114,0.035,0.0819128712871286,0.0469128712871286,0,False,hourly_snapshot,0.0819128712871286,0.3183316673751198,0.035,0.04049193058359649,0.11706660523896142,2026-07-07,45
KXHIGHTLV,2026-07-09,15,111-112,0.825,0.7052910891089107,-0.1197089108910892,1,False,hourly_snapshot,0.7052910891089107,0.7145284099416809,0.825,0.8109860841851269,0.11706660523896142,2026-07-07,45
KXHIGHTLV,2026-07-09,15,113-114,0.105,0.0704584158415841,-0.0345415841584158,0,False,hourly_snapshot,0.0704584158415841,0.25677918113105347,0.105,0.10095633400299836,0.11706660523896142,2026-07-07,45
KXHIGHTLV,2026-07-09,16,111-112,0.955,0.8452366336633672,-0.1097633663366327,1,False,hourly_snapshot,0.8452366336633672,0.7739641592913744,0.955,0.9421503753233699,0.11706660523896142,2026-07-07,45
KXHIGHTLV,2026-07-10,13,109-110,0.7050000000000001,0.2464049504950494,-0.4585950495049506,1,False,hourly_snapshot,0.2464049504950494,0.4100026168742208,0.7050000000000001,0.6540758306852159,0.11104387055585604,2026-07-08,46
KXHIGHTLV,2026-07-10,13,111-112,0.31,0.051491089108911,-0.258508910891089,0,False,hourly_snapshot,0.051491089108911,0.25677918113105347,0.31,0.2812941699614746,0.11104387055585604,2026-07-08,46
KXHIGHTLV,2026-07-10,14,107-108,0.03,0.6378930693069313,0.6078930693069313,0,False,hourly_snapshot,0.6378930693069313,0.5817750193125794,0.03,0.09750279929992091,0.11104387055585604,2026-07-08,46
KXHIGHTLV,2026-07-10,14,109-110,0.825,0.1937900990099008,-0.6312099009900991,1,False,hourly_snapshot,0.1937900990099008,0.30991167203635817,0.825,0.7549080094608807,0.11104387055585604,2026-07-08,46
KXHIGHTLV,2026-07-10,14,111-112,0.12,0.0318702970297029,-0.088129702970297,0,False,hourly_snapshot,0.0318702970297029,0.1334218221097909,0.12,0.11021373667124028,0.11104387055585604,2026-07-08,46
KXHIGHTLV,2026-07-10,15,109-110,0.7250000000000001,0.7052910891089107,-0.0197089108910893,1,False,hourly_snapshot,0.7052910891089107,0.7186361096816175,0.7250000000000001,0.7228114462502131,0.11104387055585604,2026-07-08,46
KXHIGHTLV,2026-07-10,15,111-112,0.29,0.0704584158415841,-0.2195415841584158,0,False,hourly_snapshot,0.0704584158415841,0.25677918113105347,0.29,0.26562125274708526,0.11104387055585604,2026-07-08,46
KXHIGHTLV,2026-07-10,16,109-110,0.88,0.7011118811881203,-0.1788881188118797,1,False,hourly_snapshot,0.7011118811881203,0.7186361096816175,0.88,0.860135570890673,0.11104387055585604,2026-07-08,46
KXHIGHTLV,2026-07-10,16,111-112,0.13,0.0187702970297029,-0.111229702970297,0,False,hourly_snapshot,0.0187702970297029,0.11477876413789269,0.13,0.11764862326140002,0.11104387055585604,2026-07-08,46
KXHIGHTLV,2026-07-10,17,109-110,0.935,0.2946831683168316,-0.6403168316831684,1,False,hourly_snapshot,0.2946831683168316,0.4609105321919202,0.935,0.8638967406278384,0.11104387055585604,2026-07-08,46
KXHIGHTLV,2026-07-10,17,111-112,0.03,0.6937960396039617,0.6637960396039617,0,False,hourly_snapshot,0.6937960396039617,0.5817750193125794,0.03,0.10371048149727222,0.11104387055585604,2026-07-08,46
KXHIGHTLV,2026-07-10,18,109-110,0.935,0.2970297029702971,-0.637970297029703,1,False,hourly_snapshot,0.2970297029702971,0.4609105321919202,0.935,0.8641573089181527,0.11104387055585604,2026-07-08,46
KXHIGHTLV,2026-07-10,18,111-112,0.1,0.6930693069306934,0.5930693069306934,0,False,hourly_snapshot,0.6930693069306934,0.5817750193125794,0.1,0.16585671134946317,0.11104387055585604,2026-07-08,46
KXHIGHTLV,2026-07-11,13,108-109,0.1149999999999999,0.4647326732673275,0.3497326732673275,0,False,hourly_snapshot,0.4647326732673275,0.5110455687638703,0.1149999999999999,0.1503942916906034,0.10120384624043667,2026-07-09,47
KXHIGHTLV,2026-07-11,13,110-111,0.855,0.2464049504950494,-0.6085950495049506,1,False,hourly_snapshot,0.2464049504950494,0.46095337915699147,0.855,0.79340784018721,0.10120384624043667,2026-07-09,47
KXHIGHTLV,2026-07-11,14,108-109,0.14,0.6378930693069313,0.4978930693069313,0,False,hourly_snapshot,0.6378930693069313,0.5817750193125794,0.14,0.19038869363031777,0.10120384624043667,2026-07-09,47
KXHIGHTLV,2026-07-11,14,110-111,0.815,0.1937900990099008,-0.6212099009900991,1,False,hourly_snapshot,0.1937900990099008,0.3063107663159404,0.815,0.752131168697161,0.10120384624043667,2026-07-09,47
KXHIGHTLV,2026-07-11,14,112-113,0.045,0.0318702970297029,-0.013129702970297,0,False,hourly_snapshot,0.0318702970297029,0.1334218221097909,0.045,0.04367122355941144,0.10120384624043667,2026-07-09,47
KXHIGHTLV,2026-07-11,15,108-109,0.29,0.7052910891089107,0.4152910891089107,0,False,hourly_snapshot,0.7052910891089107,0.7239326176548854,0.29,0.33202905552720163,0.10120384624043667,2026-07-09,47
KXHIGHTLV,2026-07-11,15,110-111,0.67,0.0704584158415841,-0.5995415841584159,1,False,hourly_snapshot,0.0704584158415841,0.2409444089358458,0.67,0.6093240857020839,0.10120384624043667,2026-07-09,47
KXHIGHTLV,2026-07-11,15,112-113,0.0349999999999999,0.0043742574257425,-0.0306257425742574,0,False,hourly_snapshot,0.0043742574257425,0.11477876413789269,0.0349999999999999,0.03190055705751556,0.10120384624043667,2026-07-09,47
KXHIGHTLV,2026-07-11,16,108-109,0.22,0.8452366336633672,0.6252366336633672,0,False,hourly_snapshot,0.8452366336633672,0.7953873143705814,0.22,0.28327635213715563,0.10120384624043667,2026-07-09,47
KXHIGHTLV,2026-07-11,16,110-111,0.805,0.1442960396039608,-0.6607039603960392,1,False,hourly_snapshot,0.1442960396039608,0.3063107663159404,0.805,0.7381342179816317,0.10120384624043667,2026-07-09,47
KXHIGHTLV,2026-07-11,17,110-111,0.88,0.9987,0.1187,1,False,metar_6h_group,0.9987,1.0,0.88,0.8920128965487398,0.10120384624043667,2026-07-09,47
KXHIGHTLV,2026-07-11,17,112-113,0.055,0.0012999999999999,-0.0537,0,False,metar_6h_group,0.0012999999999999,0.0,0.055,0.04956535345688854,0.10120384624043667,2026-07-09,47
KXHIGHTLV,2026-07-12,13,105-106,0.13,0.39930198019802,0.26930198019802,0,False,hourly_snapshot,0.39930198019802,0.48175046347587425,0.13,0.15479713684034277,0.09207929634274957,2026-07-10,48
KXHIGHTLV,2026-07-12,13,107-108,0.5800000000000001,0.4012257425742579,-0.1787742574257421,1,False,hourly_snapshot,0.4012257425742579,0.5110455687638703,0.5800000000000001,0.5635385921720402,0.09207929634274957,2026-07-10,48
KXHIGHTLV,2026-07-12,13,109-110,0.295,0.123369306930693,-0.1716306930693069,0,False,hourly_snapshot,0.123369306930693,0.3118462864225344,0.295,0.27919636655135976,0.09207929634274957,2026-07-10,48
KXHIGHTLV,2026-07-12,14,105-106,0.245,0.4945663366336641,0.2495663366336641,0,False,hourly_snapshot,0.4945663366336641,0.5110455687638703,0.245,0.26797989266806554,0.09207929634274957,2026-07-10,48
KXHIGHTLV,2026-07-12,14,107-108,0.61,0.4149336633663364,-0.1950663366336635,1,False,hourly_snapshot,0.4149336633663364,0.5110455687638703,0.61,0.5920384289826144,0.09207929634274957,2026-07-10,48
KXHIGHTLV,2026-07-12,14,109-110,0.215,0.0819128712871286,-0.1330871287128713,0,False,hourly_snapshot,0.0819128712871286,0.3118462864225344,0.215,0.20274543083584184,0.09207929634274957,2026-07-10,48
KXHIGHTLV,2026-07-12,15,105-106,0.1149999999999999,0.2197722772277227,0.1047722772277227,0,False,hourly_snapshot,0.2197722772277227,0.3118462864225344,0.1149999999999999,0.1246473575633561,0.09207929634274957,2026-07-10,48
KXHIGHTLV,2026-07-12,15,107-108,0.75,0.7052910891089107,-0.0447089108910893,1,False,hourly_snapshot,0.7052910891089107,0.7309454076260525,0.75,0.7458832349448978,0.09207929634274957,2026-07-10,48
KXHIGHTLV,2026-07-12,15,109-110,0.1149999999999999,0.0704584158415841,-0.0445415841584158,0,False,hourly_snapshot,0.0704584158415841,0.23107907505742112,0.1149999999999999,0.1108986422727016,0.09207929634274957,2026-07-10,48
KXHIGHTLV,2026-07-12,16,107-108,0.895,0.7011118811881203,-0.1938881188118797,1,False,hourly_snapshot,0.7011118811881203,0.7309454076260525,0.895,0.8771469184505827,0.09207929634274957,2026-07-10,48
KXHIGHTLV,2026-07-12,16,109-110,0.065,0.0187702970297029,-0.046229702970297,0,False,hourly_snapshot,0.0187702970297029,0.11303620353724211,0.065,0.06074320148036073,0.09207929634274957,2026-07-10,48
KXHIGHTLV,2026-07-12,17,107-108,0.855,0.9987,0.1437,1,False,metar_6h_group,0.9987,1.0,0.855,0.8682317948844531,0.09207929634274957,2026-07-10,48
KXHIGHTLV,2026-07-12,17,109-110,0.065,0.0012999999999999,-0.0637,0,False,metar_6h_group,0.0012999999999999,0.0,0.065,0.05913454882296684,0.09207929634274957,2026-07-10,48
KXHIGHTLV,2026-07-13,13,102-103,0.47,0.2464049504950494,-0.2235950495049505,1,False,hourly_snapshot,0.2464049504950494,0.4888715624287915,0.47,0.45352362410564756,0.07368846461865705,2026-07-11,49
KXHIGHTLV,2026-07-13,13,104-105,0.05,0.051491089108911,0.001491089108911,0,False,hourly_snapshot,0.051491089108911,0.247762380243631,0.05,0.050109876067045256,0.07368846461865705,2026-07-11,49
KXHIGHTLV,2026-07-13,14,102-103,0.61,0.4149336633663364,-0.1950663366336635,1,False,hourly_snapshot,0.4149336633663364,0.5039259249293566,0.61,0.5956258611546792,0.07368846461865705,2026-07-11,49
KXHIGHTLV,2026-07-13,14,104-105,0.03,0.0819128712871286,0.0519128712871286,0,False,hourly_snapshot,0.0819128712871286,0.32354199188724825,0.03,0.03382537977909447,0.07368846461865705,2026-07-11,49
KXHIGHTLV,2026-07-13,15,102-103,0.525,0.7052910891089107,0.1802910891089106,1,False,hourly_snapshot,0.7052910891089107,0.7210243543943131,0.525,0.5382853735408611,0.07368846461865705,2026-07-11,49
KXHIGHTLV,2026-07-13,16,102-103,0.93,0.7011118811881203,-0.2288881188118796,1,False,hourly_snapshot,0.7011118811881203,0.7210243543943131,0.93,0.9131335859552999,0.07368846461865705,2026-07-11,49
KXHIGHTLV,2026-07-13,16,104-105,0.06,0.0187702970297029,-0.041229702970297,0,False,hourly_snapshot,0.0187702970297029,0.11120717177091823,0.06,0.05696184649143552,0.07368846461865705,2026-07-11,49
KXHIGHTLV,2026-07-13,17,102-103,0.92,0.9921,0.0721,1,False,metar_6h_group,0.9921,1.0,0.92,0.9253129382990052,0.07368846461865705,2026-07-11,49
KXHIGHTLV,2026-07-13,17,104-105,0.045,0.0079,-0.0370999999999999,0,False,metar_6h_group,0.0079,0.11120717177091823,0.045,0.04226615796264782,0.07368846461865705,2026-07-11,49
KXHIGHTLV,2026-07-13,17,108-109,0.045,0.0,-0.045,0,False,metar_6h_group,0.0,0.0,0.045,0.041684019092160435,0.07368846461865705,2026-07-11,49
KXHIGHTLV,2026-07-14,13,102-103,0.31,0.4647326732673275,0.1547326732673275,1,False,hourly_snapshot,0.4647326732673275,0.5099711752742548,0.31,0.3209072078026416,0.07049065703012511,2026-07-12,50
KXHIGHTLV,2026-07-14,13,104-105,0.5900000000000001,0.2464049504950494,-0.3435950495049507,0,False,hourly_snapshot,0.2464049504950494,0.4827485245359439,0.5900000000000001,0.5657797592080978,0.07049065703012511,2026-07-12,50
KXHIGHTLV,2026-07-14,13,106-107,0.055,0.051491089108911,-0.0035089108910889,0,False,hourly_snapshot,0.051491089108911,0.24289761860913167,0.055,0.05475265456582697,0.07049065703012511,2026-07-12,50
KXHIGHTLV,2026-07-14,14,102-103,0.3299999999999999,0.6378930693069313,0.3078930693069314,1,False,hourly_snapshot,0.6378930693069313,0.5158758314190203,0.3299999999999999,0.35170358475046737,0.07049065703012511,2026-07-12,50
KXHIGHTLV,2026-07-14,14,104-105,0.6799999999999999,0.1937900990099008,-0.4862099009900991,0,False,hourly_snapshot,0.1937900990099008,0.3161032568749698,0.6799999999999999,0.6457267446246557,0.07049065703012511,2026-07-12,50
KXHIGHTLV,2026-07-14,14,106-107,0.04,0.0318702970297029,-0.008129702970297,0,False,hourly_snapshot,0.0318702970297029,0.12053554629585497,0.04,0.039426931896163996,0.07049065703012511,2026-07-12,50
KXHIGHTLV,2026-07-14,15,102-103,0.445,0.7052910891089107,0.2602910891089107,1,False,hourly_snapshot,0.7052910891089107,0.7278439515048044,0.445,0.46334808989037396,0.07049065703012511,2026-07-12,50
KXHIGHTLV,2026-07-14,15,104-105,0.515,0.0704584158415841,-0.4445415841584158,0,False,hourly_snapshot,0.0704584158415841,0.24289761860913167,0.515,0.4836639716554606,0.07049065703012511,2026-07-12,50
KXHIGHTLV,2026-07-14,15,106-107,0.045,0.0043742574257425,-0.0406257425742574,0,False,hourly_snapshot,0.0043742574257425,0.10957059790853456,0.045,0.04213626471360386,0.07049065703012511,2026-07-12,50
KXHIGHTLV,2026-07-14,16,102-103,0.425,0.7011118811881203,0.2761118811881203,1,False,hourly_snapshot,0.7011118811881203,0.7278439515048044,0.425,0.4444633079187744,0.07049065703012511,2026-07-12,50
KXHIGHTLV,2026-07-14,16,104-105,0.585,0.0187702970297029,-0.566229702970297,0,False,hourly_snapshot,0.0187702970297029,0.10957059790853456,0.585,0.5450860962076511,0.07049065703012511,2026-07-12,50
KXHIGHTLV,2026-07-14,16,106-107,0.045,0.0005831683168316,-0.0444168316831683,0,False,hourly_snapshot,0.0005831683168316,0.0,0.045,0.04186902835145698,0.07049065703012511,2026-07-12,50
KXHIGHTLV,2026-07-14,17,102-103,0.905,0.9921,0.0870999999999999,1,False,metar_6h_group,0.9921,1.0,0.905,0.9111397362273239,0.07049065703012511,2026-07-12,50
KXHIGHTLV,2026-07-14,17,104-105,0.105,0.0079,-0.0970999999999999,0,False,metar_6h_group,0.0079,0.10957059790853456,0.105,0.09815535720237485,0.07049065703012511,2026-07-12,50
KXHIGHTLV,2026-07-14,18,102-103,0.91,1.0,0.09,1,False,metar_6h_group,1.0,1.0,0.91,0.9163441591327113,0.07049065703012511,2026-07-12,50
KXHIGHTLV,2026-07-14,18,104-105,0.1,0.0,-0.1,0,False,metar_6h_group,0.0,0.0,0.1,0.09295093429698749,0.07049065703012511,2026-07-12,50
KXHIGHTLV,2026-07-15,13,107-108,0.245,0.39930198019802,0.15430198019802,0,False,hourly_snapshot,0.39930198019802,0.49103563073360845,0.245,0.25547224258027385,0.06786849116799737,2026-07-13,51
KXHIGHTLV,2026-07-15,13,109-110,0.72,0.4012257425742579,-0.318774257425742,1,False,hourly_snapshot,0.4012257425742579,0.5171669477440429,0.72,0.6983652721253161,0.06786849116799737,2026-07-13,51
KXHIGHTLV,2026-07-15,13,111-112,0.065,0.123369306930693,0.058369306930693,0,False,hourly_snapshot,0.123369306930693,0.31298498459697194,0.065,0.06896143679190787,0.06786849116799737,2026-07-13,51
KXHIGHTLV,2026-07-15,14,107-108,0.1649999999999999,0.4945663366336641,0.3295663366336641,0,False,hourly_snapshot,0.4945663366336641,0.5171669477440429,0.1649999999999999,0.187367170007091,0.06786849116799737,2026-07-13,51
KXHIGHTLV,2026-07-15,14,109-110,0.8049999999999999,0.4149336633663364,-0.3900663366336635,1,False,hourly_snapshot,0.4149336633663364,0.5171669477440429,0.8049999999999999,0.778526786277245,0.06786849116799737,2026-07-13,51
KXHIGHTLV,2026-07-15,14,111-112,0.055,0.0819128712871286,0.0269128712871286,0,False,hourly_snapshot,0.0819128712871286,0.31298498459697194,0.055,0.05682653596725594,0.06786849116799737,2026-07-13,51
KXHIGHTLV,2026-07-15,15,109-110,0.895,0.7052910891089107,-0.1897089108910893,1,False,hourly_snapshot,0.7052910891089107,0.736226329140755,0.895,0.8821247424566977,0.06786849116799737,2026-07-13,51
KXHIGHTLV,2026-07-15,15,111-112,0.095,0.0704584158415841,-0.0245415841584158,0,False,hourly_snapshot,0.0704584158415841,0.23685192040977573,0.095,0.09333439971229589,0.06786849116799737,2026-07-13,51
KXHIGHTLV,2026-07-15,16,109-110,0.865,0.2795346534653465,-0.5854653465346535,1,False,hourly_snapshot,0.2795346534653465,0.49103563073360845,0.865,0.8252653502995443,0.06786849116799737,2026-07-13,51
KXHIGHTLV,2026-07-15,16,111-112,0.12,0.7011118811881203,0.5811118811881203,0,False,hourly_snapshot,0.7011118811881203,0.736226329140755,0.12,0.1594391865760343,0.06786849116799737,2026-07-13,51
KXHIGHTLV,2026-07-15,17,109-110,0.885,0.2946831683168316,-0.5903168316831684,1,False,hourly_snapshot,0.2946831683168316,0.49103563073360845,0.885,0.8449360873225907,0.06786849116799737,2026-07-13,51
KXHIGHTLV,2026-07-15,17,111-112,0.145,0.6937960396039617,0.5487960396039617,0,False,hourly_snapshot,0.6937960396039617,0.5171669477440429,0.145,0.1822459591668934,0.06786849116799737,2026-07-13,51
KXHIGHTLV,2026-07-16,13,105-106,0.09,0.4647326732673275,0.3747326732673275,0,False,hourly_snapshot,0.4647326732673275,0.5224622882505975,0.09,0.12287442727768098,0.08772767794984604,2026-07-14,52
KXHIGHTLV,2026-07-16,13,107-108,0.8300000000000001,0.2464049504950494,-0.5835950495049507,1,False,hourly_snapshot,0.2464049504950494,0.4861674459081404,0.8300000000000001,0.7788025614439054,0.08772767794984604,2026-07-14,52
KXHIGHTLV,2026-07-16,13,109-110,0.06,0.051491089108911,-0.0085089108910889,0,False,hourly_snapshot,0.051491089108911,0.22970524382377186,0.06,0.0592535330056426,0.08772767794984604,2026-07-14,52
KXHIGHTLV,2026-07-16,14,107-108,0.935,0.1937900990099008,-0.7412099009900992,1,False,hourly_snapshot,0.1937900990099008,0.31106711452853975,0.935,0.8699753765127034,0.08772767794984604,2026-07-14,52
KXHIGHTLV,2026-07-16,14,109-110,0.0849999999999999,0.0318702970297029,-0.053129702970297,0,False,hourly_snapshot,0.0318702970297029,0.1161601021187711,0.0849999999999999,0.0803390545282507,0.08772767794984604,2026-07-14,52
KXHIGHTLV,2026-07-16,15,107-108,0.94,0.7052910891089107,-0.2347089108910892,1,False,hourly_snapshot,0.7052910891089107,0.741208057011731,0.94,0.9194095322533874,0.08772767794984604,2026-07-14,52
KXHIGHTLV,2026-07-16,15,109-110,0.085,0.0704584158415841,-0.0145415841584158,0,False,hourly_snapshot,0.0704584158415841,0.22970524382377186,0.085,0.08372430058806991,0.08772767794984604,2026-07-14,52
KXHIGHTLV,2026-07-16,16,107-108,0.91,0.8452366336633672,-0.0647633663366327,1,False,hourly_snapshot,0.8452366336633672,0.7643405572835903,0.91,0.904318460255072,0.08772767794984604,2026-07-14,52
KXHIGHTLV,2026-07-16,16,109-110,0.04,0.1442960396039608,0.1042960396039608,0,False,hourly_snapshot,0.1442960396039608,0.31106711452853975,0.04,0.04914964937382066,0.08772767794984604,2026-07-14,52
KXHIGHTLV,2026-07-16,17,107-108,0.92,0.9921,0.0721,1,False,metar_6h_group,0.9921,1.0,0.92,0.926325165580184,0.08772767794984604,2026-07-14,52
KXHIGHTLV,2026-07-16,17,109-110,0.1,0.0079,-0.0920999999999999,0,False,metar_6h_group,0.0079,0.10200830644997866,0.1,0.09192028086081919,0.08772767794984604,2026-07-14,52
KXHIGHTLV,2026-07-17,13,101-102,0.075,0.0019217821782177,-0.0730782178217822,0,False,hourly_snapshot,0.0019217821782177,0.0,0.075,0.06942789427852035,0.07624851682985058,2026-07-15,53
KXHIGHTLV,2026-07-17,13,99-100,0.1149999999999999,0.0164663366336634,-0.0985336633663365,0,False,hourly_snapshot,0.0164663366336634,0.10200830644997866,0.1149999999999999,0.10748695431050495,0.07624851682985058,2026-07-15,53
KXHIGHTLV,2026-07-17,14,101-102,0.045,0.0318702970297029,-0.013129702970297,0,False,hourly_snapshot,0.0318702970297029,0.1161601021187711,0.045,0.043998879622098364,0.07624851682985058,2026-07-15,53
KXHIGHTLV,2026-07-17,14,99-100,0.44,0.1937900990099008,-0.2462099009900991,0,False,hourly_snapshot,0.1937900990099008,0.30606585612263415,0.44,0.42122686022068057,0.07624851682985058,2026-07-15,53
KXHIGHTLV,2026-07-17,15,99-100,0.095,0.0704584158415841,-0.0245415841584158,0,False,hourly_snapshot,0.0704584158415841,0.22517566917133264,0.095,0.09312874060726584,0.07624851682985058,2026-07-15,53
KXHIGHTLV,2026-07-17,16,99-100,0.055,0.0187702970297029,-0.036229702970297,0,False,hourly_snapshot,0.0187702970297029,0.10200830644997866,0.055,0.05223753888332881,0.07624851682985058,2026-07-15,53
KXHIGHTLV,2026-07-18,13,100-101,0.16,0.4012257425742579,0.2412257425742579,0,False,hourly_snapshot,0.4012257425742579,0.517957496029951,0.16,0.1772850420507682,0.07165504753476817,2026-07-16,54
KXHIGHTLV,2026-07-18,13,102-103,0.745,0.123369306930693,-0.621630693069307,0,False,hourly_snapshot,0.123369306930693,0.3027777620358758,0.745,0.7004570231390479,0.07165504753476817,2026-07-16,54
KXHIGHTLV,2026-07-18,13,104-105,0.065,0.0164663366336634,-0.0485336633663365,0,False,hourly_snapshot,0.0164663366336634,0.1003829267118254,0.065,0.061522318044448715,0.07165504753476817,2026-07-16,54
KXHIGHTLV,2026-07-18,14,100-101,0.1149999999999999,0.4945663366336641,0.3795663366336641,0,False,hourly_snapshot,0.4945663366336641,0.517957496029951,0.1149999999999999,0.1421978438940829,0.07165504753476817,2026-07-16,54
KXHIGHTLV,2026-07-18,14,102-103,0.76,0.4149336633663364,-0.3450663366336636,0,False,hourly_snapshot,0.4149336633663364,0.517957496029951,0.76,0.7352742552458665,0.07165504753476817,2026-07-16,54
KXHIGHTLV,2026-07-18,14,104-105,0.0849999999999999,0.0819128712871286,-0.0030871287128713,0,False,hourly_snapshot,0.0819128712871286,0.3027777620358758,0.0849999999999999,0.08477879164533315,0.07165504753476817,2026-07-16,54
KXHIGHTLV,2026-07-18,15,102-103,0.865,0.7052910891089107,-0.1597089108910893,0,False,hourly_snapshot,0.7052910891089107,0.738783020760144,0.865,0.8535560503983729,0.07165504753476817,2026-07-16,54
KXHIGHTLV,2026-07-18,15,104-105,0.1,0.0704584158415841,-0.0295415841584158,0,False,hourly_snapshot,0.0704584158415841,0.21588744978472194,0.1,0.09788319638287636,0.07165504753476817,2026-07-16,54
KXHIGHTLV,2026-07-18,16,104-105,0.89,0.8452366336633672,-0.0447633663366328,0,False,hourly_snapshot,0.8452366336633672,0.7739655578675452,0.89,0.8867924788573324,0.07165504753476817,2026-07-16,54
KXHIGHTLV,2026-07-18,16,106-107,0.06,0.1442960396039608,0.0842960396039608,1,False,hourly_snapshot,0.1442960396039608,0.3027777620358758,0.06,0.06604023672481452,0.07165504753476817,2026-07-16,54
KXHIGHTLV,2026-07-19,13,103-104,0.24,0.051491089108911,-0.1885089108910889,0,False,hourly_snapshot,0.051491089108911,0.2080218578306806,0.24,0.22580778367746399,0.07528671326702188,2026-07-17,55
KXHIGHTLV,2026-07-19,13,105-106,0.54,0.0046019801980198,-0.5353980198019802,1,False,hourly_snapshot,0.0046019801980198,0.0948418911212443,0.54,0.49969164279943706,0.07528671326702188,2026-07-17,55
KXHIGHTLV,2026-07-19,13,107-108,0.145,0.0010306930693069,-0.1439693069306931,0,False,hourly_snapshot,0.0010306930693069,0.0,0.145,0.13416102406985703,0.07528671326702188,2026-07-17,55
KXHIGHTLV,2026-07-19,14,101-102,0.04,0.4945663366336641,0.4545663366336641,0,False,hourly_snapshot,0.4945663366336641,0.517957496029951,0.04,0.07422280544697922,0.07528671326702188,2026-07-17,55
KXHIGHTLV,2026-07-19,14,103-104,0.41,0.4149336633663364,0.0049336633663363,0,False,hourly_snapshot,0.4149336633663364,0.517957496029951,0.41,0.4103714392992174,0.07528671326702188,2026-07-17,55
KXHIGHTLV,2026-07-19,14,105-106,0.395,0.0819128712871286,-0.3130871287128713,1,False,hourly_snapshot,0.0819128712871286,0.3027777620358758,0.395,0.3714286991129989,0.07528671326702188,2026-07-17,55
KXHIGHTLV,2026-07-19,14,107-108,0.08,0.008289108910891,-0.0717108910891089,0,False,hourly_snapshot,0.008289108910891,0.0948418911212443,0.08,0.07460112270445161,0.07528671326702188,2026-07-17,55
KXHIGHTLV,2026-07-19,15,103-104,0.43,0.2197722772277227,-0.2102277227722773,0,False,hourly_snapshot,0.2197722772277227,0.30782543795819867,0.43,0.41417264571486456,0.07528671326702188,2026-07-17,55
KXHIGHTLV,2026-07-19,15,105-106,0.5549999999999999,0.7052910891089107,0.1502910891089107,1,False,hourly_snapshot,0.7052910891089107,0.738783020760144,0.5549999999999999,0.5663149221323309,0.07528671326702188,2026-07-17,55
KXHIGHTLV,2026-07-19,15,107-108,0.065,0.0704584158415841,0.0054584158415841,0,False,hourly_snapshot,0.0704584158415841,0.2080218578306806,0.065,0.06541094618835751,0.07528671326702188,2026-07-17,55
KXHIGHTLV,2026-07-19,16,105-106,0.91,0.7011118811881203,-0.2088881188118797,1,False,hourly_snapshot,0.7011118811881203,0.738783020760144,0.91,0.8942735000941224,0.07528671326702188,2026-07-17,55
KXHIGHTLV,2026-07-19,16,107-108,0.085,0.0187702970297029,-0.066229702970297,0,False,hourly_snapshot,0.0187702970297029,0.0948418911212443,0.085,0.08001378334271522,0.07528671326702188,2026-07-17,55
KXHIGHTLV,2026-07-19,17,105-106,0.95,0.9987,0.0487,1,False,metar_6h_group,0.9987,1.0,0.95,0.9536664629361039,0.07528671326702188,2026-07-17,55
KXHIGHTLV,2026-07-19,17,107-108,0.05,0.0012999999999999,-0.0487,0,False,metar_6h_group,0.0012999999999999,0.0,0.05,0.04633353706389603,0.07528671326702188,2026-07-17,55
KXHIGHTLV,2026-07-19,18,105-106,0.96,1.0,0.04,1,False,metar_6h_group,1.0,1.0,0.96,0.9630114685306809,0.07528671326702188,2026-07-17,55
KXHIGHTLV,2026-07-20,13,103-104,0.055,0.2317257425742573,0.1767257425742573,0,False,hourly_snapshot,0.2317257425742573,0.30782543795819867,0.055,0.07096546348248822,0.09034033893381319,2026-07-18,56
KXHIGHTLV,2026-07-20,13,105-106,0.505,0.4647326732673275,-0.0402673267326724,0,False,hourly_snapshot,0.4647326732673275,0.4992186404974374,0.505,0.5013622360550117,0.09034033893381319,2026-07-18,56
KXHIGHTLV,2026-07-20,13,107-108,0.415,0.2464049504950494,-0.1685950495049505,1,False,hourly_snapshot,0.2464049504950494,0.4992186404974374,0.415,0.3997690660851597,0.09034033893381319,2026-07-18,56
KXHIGHTLV,2026-07-20,14,105-106,0.21,0.6378930693069313,0.4278930693069314,0,False,hourly_snapshot,0.6378930693069313,0.5115138193403262,0.21,0.24865600490861778,0.09034033893381319,2026-07-18,56
KXHIGHTLV,2026-07-20,14,107-108,0.78,0.1937900990099008,-0.5862099009900992,1,False,hourly_snapshot,0.1937900990099008,0.30782543795819867,0.78,0.7270415988581974,0.09034033893381319,2026-07-18,56
KXHIGHTLV,2026-07-20,15,107-108,0.885,0.0704584158415841,-0.8145415841584158,1,False,hourly_snapshot,0.0704584158415841,0.20357172751434094,0.885,0.8114140372114436,0.09034033893381319,2026-07-18,56
KXHIGHTLV,2026-07-20,16,107-108,0.935,0.0187702970297029,-0.916229702970297,1,False,hourly_snapshot,0.0187702970297029,0.09329692251429936,0.935,0.8522274980924365,0.09034033893381319,2026-07-18,56
KXHIGHTLV,2026-07-21,13,102-103,0.4449999999999999,0.2317257425742573,-0.2132742574257426,1,False,hourly_snapshot,0.2317257425742573,0.30770630472845917,0.4449999999999999,0.4265295279856454,0.08660431988978085,2026-07-19,57
KXHIGHTLV,2026-07-21,13,104-105,0.43,0.4647326732673275,0.0347326732673275,0,False,hourly_snapshot,0.4647326732673275,0.49439324401041423,0.43,0.43300799954627084,0.08660431988978085,2026-07-19,57
KXHIGHTLV,2026-07-21,13,106-107,0.055,0.2464049504950494,0.1914049504950494,0,False,hourly_snapshot,0.2464049504950494,0.49439324401041423,0.055,0.07157649556116093,0.08660431988978085,2026-07-19,57
KXHIGHTLV,2026-07-21,14,102-103,0.505,0.4945663366336641,-0.0104336633663358,1,False,hourly_snapshot,0.4945663366336641,0.49439324401041423,0.505,0.5040963996801996,0.08660431988978085,2026-07-19,57
KXHIGHTLV,2026-07-21,14,104-105,0.42,0.4149336633663364,-0.0050663366336636,0,False,hourly_snapshot,0.4149336633663364,0.49439324401041423,0.42,0.41956123336150886,0.08660431988978085,2026-07-19,57
KXHIGHTLV,2026-07-21,14,106-107,0.07,0.0819128712871286,0.0119128712871286,0,False,hourly_snapshot,0.0819128712871286,0.30770630472845917,0.07,0.07103170611575628,0.08660431988978085,2026-07-19,57
KXHIGHTLV,2026-07-21,15,102-103,0.735,0.712169306930693,-0.0228306930693069,1,False,hourly_snapshot,0.712169306930693,0.7332904104167244,0.735,0.7330227633541203,0.08660431988978085,2026-07-19,57
KXHIGHTLV,2026-07-21,15,104-105,0.235,0.265147524752475,0.030147524752475,0,False,hourly_snapshot,0.265147524752475,0.49439324401041423,0.235,0.2376109058775484,0.08660431988978085,2026-07-19,57
KXHIGHTLV,2026-07-21,16,102-103,0.945,0.8452366336633672,-0.0997633663366327,1,False,hourly_snapshot,0.8452366336633672,0.7406885525601485,0.945,0.9363600615085008,0.08660431988978085,2026-07-19,57
KXHIGHTLV,2026-07-21,16,104-105,0.045,0.1442960396039608,0.0992960396039608,0,False,hourly_snapshot,0.1442960396039608,0.30770630472845917,0.045,0.053599465977649766,0.08660431988978085,2026-07-19,57
KXHIGHTLV,2026-07-21,17,102-103,0.94,0.9921,0.0521,1,False,metar_6h_group,0.9921,1.0,0.94,0.9445120850662575,0.08660431988978085,2026-07-19,57
KXHIGHTLV,2026-07-21,17,104-105,0.05,0.0079,-0.0420999999999999,0,False,metar_6h_group,0.0079,0.10087053214752424,0.05,0.04635395813264023,0.08660431988978085,2026-07-19,57
KXHIGHTLV,2026-07-22,13,105-106,0.225,0.4012257425742579,0.1762257425742579,0,False,hourly_snapshot,0.4012257425742579,0.493281681606426,0.225,0.23753294519654988,0.07111869703865058,2026-07-20,58
KXHIGHTLV,2026-07-22,13,107-108,0.685,0.123369306930693,-0.561630693069307,1,False,hourly_snapshot,0.123369306930693,0.31048307459871854,0.685,0.6450575568919966,0.07111869703865058,2026-07-20,58
KXHIGHTLV,2026-07-22,13,109-110,0.0849999999999999,0.0164663366336634,-0.0685336633663365,0,False,hourly_snapshot,0.0164663366336634,0.11609225221868627,0.0849999999999999,0.08012597515810055,0.07111869703865058,2026-07-20,58
KXHIGHTLV,2026-07-22,14,105-106,0.265,0.6378930693069313,0.3728930693069313,0,False,hourly_snapshot,0.6378930693069313,0.493281681606426,0.265,0.2915196692238522,0.07111869703865058,2026-07-20,58
KXHIGHTLV,2026-07-22,14,107-108,0.67,0.1937900990099008,-0.4762099009900992,1,False,hourly_snapshot,0.1937900990099008,0.31598952664328117,0.67,0.6361325723246793,0.07111869703865058,2026-07-20,58
KXHIGHTLV,2026-07-22,14,109-110,0.065,0.0318702970297029,-0.033129702970297,0,False,hourly_snapshot,0.0318702970297029,0.11609225221868627,0.065,0.06264385869147496,0.07111869703865058,2026-07-20,58
KXHIGHTLV,2026-07-22,15,105-106,0.255,0.2197722772277227,-0.0352277227722773,0,False,hourly_snapshot,0.2197722772277227,0.31598952664328117,0.255,0.25249465025679685,0.07111869703865058,2026-07-20,58
KXHIGHTLV,2026-07-22,15,107-108,0.695,0.7052910891089107,0.0102910891089107,1,False,hourly_snapshot,0.7052910891089107,0.7332904104167244,0.695,0.6957318888485343,0.07111869703865058,2026-07-20,58
KXHIGHTLV,2026-07-22,15,109-110,0.03,0.0704584158415841,0.0404584158415841,0,False,hourly_snapshot,0.0704584158415841,0.2210707749567693,0.03,0.032877349818901364,0.07111869703865058,2026-07-20,58
KXHIGHTLV,2026-07-22,16,107-108,0.925,0.7011118811881203,-0.2238881188118797,1,False,hourly_snapshot,0.7011118811881203,0.7332904104167244,0.925,0.9090773687076645,0.07111869703865058,2026-07-20,58
KXHIGHTLV,2026-07-22,16,109-110,0.07,0.0187702970297029,-0.051229702970297,0,False,hourly_snapshot,0.0187702970297029,0.11609225221868627,0.07,0.06635661027507539,0.07111869703865058,2026-07-20,58
KXHIGHTLV,2026-07-22,17,107-108,0.96,0.9921,0.0321,1,False,metar_6h_group,0.9921,1.0,0.96,0.9622829101749406,0.07111869703865058,2026-07-20,58
KXHIGHTLV,2026-07-22,17,109-110,0.03,0.0079,-0.0220999999999999,0,False,metar_6h_group,0.0079,0.11609225221868627,0.03,0.028428276795445823,0.07111869703865058,2026-07-20,58
KXHIGHTLV,2026-07-23,13,110-111,0.755,0.4012257425742579,-0.3537742574257421,0,False,hourly_snapshot,0.4012257425742579,0.4860421769728414,0.755,0.7307351859064269,0.06858841078527685,2026-07-21,59
KXHIGHTLV,2026-07-23,13,112-113,0.235,0.123369306930693,-0.1116306930693069,1,False,hourly_snapshot,0.123369306930693,0.3034795338988461,0.235,0.2273434281675172,0.06858841078527685,2026-07-21,59
KXHIGHTLV,2026-07-23,14,110-111,0.845,0.4149336633663364,-0.4300663366336635,0,False,hourly_snapshot,0.4149336633663364,0.4860421769728414,0.845,0.8155024334380511,0.06858841078527685,2026-07-21,59
KXHIGHTLV,2026-07-23,14,112-113,0.135,0.0819128712871286,-0.0530871287128713,1,False,hourly_snapshot,0.0819128712871286,0.3034795338988461,0.135,0.13135883820843072,0.06858841078527685,2026-07-21,59
KXHIGHTLV,2026-07-23,15,110-111,0.795,0.712169306930693,-0.082830693069307,0,False,hourly_snapshot,0.712169306930693,0.7363804293771535,0.795,0.7893187743981332,0.06858841078527685,2026-07-21,59
KXHIGHTLV,2026-07-23,15,112-113,0.225,0.265147524752475,0.040147524752475,1,False,hourly_snapshot,0.265147524752475,0.4860421769728414,0.225,0.22775365491973484,0.06858841078527685,2026-07-21,59
KXHIGHTLV,2026-07-23,16,110-111,0.4499999999999999,0.8452366336633672,0.3952366336633672,0,False,hourly_snapshot,0.8452366336633672,0.749658187095771,0.4499999999999999,0.4771086525870929,0.06858841078527685,2026-07-21,59
KXHIGHTLV,2026-07-23,16,112-113,0.54,0.1442960396039608,-0.3957039603960391,1,False,hourly_snapshot,0.1442960396039608,0.3034795338988461,0.54,0.5128592942149955,0.06858841078527685,2026-07-21,59
KXHIGHTLV,2026-07-24,13,107-108,0.1,0.0575346534653465,-0.0424653465346534,0,False,hourly_snapshot,0.0575346534653465,0.21768837397992546,0.1,0.09737147005381874,0.06189823375246146,2026-07-22,60
KXHIGHTLV,2026-07-24,13,109-110,0.28,0.39930198019802,0.1193019801980199,0,False,hourly_snapshot,0.39930198019802,0.4820977885485069,0.28,0.2873845818574286,0.06189823375246146,2026-07-22,60
KXHIGHTLV,2026-07-24,13,111-112,0.535,0.4012257425742579,-0.1337742574257421,0,False,hourly_snapshot,0.4012257425742579,0.4820977885485069,0.535,0.5267196097437995,0.06189823375246146,2026-07-22,60
KXHIGHTLV,2026-07-24,13,113-114,0.07,0.123369306930693,0.053369306930693,1,False,hourly_snapshot,0.123369306930693,0.31065621238827523,0.07,0.0733034658356029,0.06189823375246146,2026-07-22,60
KXHIGHTLV,2026-07-24,14,109-110,0.1649999999999999,0.6378930693069313,0.4728930693069313,0,False,hourly_snapshot,0.6378930693069313,0.4820977885485069,0.1649999999999999,0.1942712457438793,0.06189823375246146,2026-07-22,60
KXHIGHTLV,2026-07-24,14,111-112,0.6799999999999999,0.1937900990099008,-0.4862099009900991,0,False,hourly_snapshot,0.1937900990099008,0.33516484887345876,0.6799999999999999,0.6499044658957537,0.06189823375246146,2026-07-22,60
KXHIGHTLV,2026-07-24,14,113-114,0.0849999999999999,0.0318702970297029,-0.053129702970297,1,False,hourly_snapshot,0.0318702970297029,0.110964014848119,0.0849999999999999,0.0817113652263456,0.06189823375246146,2026-07-22,60
KXHIGHTLV,2026-07-24,15,111-112,0.705,0.2197722772277227,-0.4852277227722772,0,False,hourly_snapshot,0.2197722772277227,0.33516484887345876,0.705,0.674965260992667,0.06189823375246146,2026-07-22,60
KXHIGHTLV,2026-07-24,15,113-114,0.235,0.7052910891089107,0.4702910891089107,1,False,hourly_snapshot,0.7052910891089107,0.7419009098267867,0.235,0.26411018776536305,0.06189823375246146,2026-07-22,60
KXHIGHTLV,2026-07-24,16,113-114,0.675,0.2795346534653465,-0.3954653465346535,1,False,hourly_snapshot,0.2795346534653465,0.4820977885485069,0.675,0.6505213935391999,0.06189823375246146,2026-07-22,60
KXHIGHTLV,2026-07-24,17,113-114,0.9,0.9921,0.0920999999999999,1,True,metar_6h_group,0.9921,1.0,0.9,0.9057008273286017,0.06189823375246146,2026-07-22,60
KXHIGHTLV,2026-07-25,13,111-112,0.065,0.39930198019802,0.33430198019802,0,False,hourly_snapshot,0.39930198019802,0.47901345317623895,0.065,0.08699244629783166,0.06578616819680423,2026-07-23,61
KXHIGHTLV,2026-07-25,13,113-114,0.65,0.4012257425742579,-0.2487742574257421,1,False,hourly_snapshot,0.4012257425742579,0.47901345317623895,0.65,0.6336340948579551,0.06578616819680423,2026-07-23,61
KXHIGHTLV,2026-07-25,13,115-116,0.29,0.123369306930693,-0.1666306930693069,0,False,hourly_snapshot,0.123369306930693,0.3405629534224539,0.29,0.27903800519899247,0.06578616819680423,2026-07-23,61
KXHIGHTLV,2026-07-25,14,111-112,0.03,0.4945663366336641,0.4645663366336641,0,False,hourly_snapshot,0.4945663366336641,0.47901345317623895,0.03,0.0605620391603554,0.06578616819680423,2026-07-23,61
KXHIGHTLV,2026-07-25,14,113-114,0.5449999999999999,0.4149336633663364,-0.1300663366336635,1,False,hourly_snapshot,0.4149336633663364,0.47901345317623895,0.5449999999999999,0.5364434341014755,0.06578616819680423,2026-07-23,61
KXHIGHTLV,2026-07-25,14,115-116,0.3399999999999999,0.0819128712871286,-0.2580871287128713,0,False,hourly_snapshot,0.0819128712871286,0.3405629534224539,0.3399999999999999,0.3230214367410647,0.06578616819680423,2026-07-23,61
KXHIGHTLV,2026-07-25,15,113-114,0.69,0.7052910891089107,0.0152910891089107,1,False,hourly_snapshot,0.7052910891089107,0.7252318701427359,0.69,0.6910059421600311,0.06578616819680423,2026-07-23,61
KXHIGHTLV,2026-07-25,15,115-116,0.28,0.0704584158415841,-0.2095415841584158,0,False,hourly_snapshot,0.0704584158415841,0.21768837397992546,0.28,0.2662150621003297,0.06578616819680423,2026-07-23,61
KXHIGHTLV,2026-07-25,16,113-114,0.78,0.8452366336633672,0.0652366336633671,1,False,hourly_snapshot,0.8452366336633672,0.7252318701427359,0.78,0.7842916681547716,0.06578616819680423,2026-07-23,61
KXHIGHTLV,2026-07-25,16,115-116,0.2299999999999999,0.1442960396039608,-0.0857039603960391,0,False,hourly_snapshot,0.1442960396039608,0.3405629534224539,0.2299999999999999,0.2243618648462538,0.06578616819680423,2026-07-23,61
KXHIGHTLV,2026-07-25,17,113-114,0.955,0.8761871287128726,-0.0788128712871274,1,False,hourly_snapshot,0.8761871287128726,1.0,0.955,0.9498152031934319,0.06578616819680423,2026-07-23,61
KXHIGHTLV,2026-07-25,17,115-116,0.04,0.1137702970297029,0.0737702970297029,0,False,hourly_snapshot,0.1137702970297029,0.3405629534224539,0.04,0.04485306516832424,0.06578616819680423,2026-07-23,61
KXHIGHTLV,2026-07-26,13,109-110,0.425,0.4647326732673275,0.0397326732673275,0,False,hourly_snapshot,0.4647326732673275,0.4744999402909291,0.425,0.428073910250819,0.07736479823890112,2026-07-24,62
KXHIGHTLV,2026-07-26,13,111-112,0.475,0.2464049504950494,-0.2285950495049505,1,False,hourly_snapshot,0.2464049504950494,0.4744999402909291,0.475,0.4573147901166379,0.07736479823890112,2026-07-24,62
KXHIGHTLV,2026-07-26,13,113-114,0.07,0.051491089108911,-0.0185089108910889,0,False,hourly_snapshot,0.051491089108911,0.21382206162595582,0.07,0.0685680618432891,0.07736479823890112,2026-07-24,62
KXHIGHTLV,2026-07-26,14,109-110,0.26,0.4945663366336641,0.2345663366336641,0,False,hourly_snapshot,0.4945663366336641,0.4744999402909291,0.26,0.2781471773073016,0.07736479823890112,2026-07-24,62
KXHIGHTLV,2026-07-26,14,111-112,0.615,0.4149336633663364,-0.2000663366336635,1,False,hourly_snapshot,0.4149336633663364,0.4744999402909291,0.615,0.5995219082319405,0.07736479823890112,2026-07-24,62
KXHIGHTLV,2026-07-26,14,113-114,0.0849999999999999,0.0819128712871286,-0.0030871287128713,0,False,hourly_snapshot,0.0819128712871286,0.3404059988173075,0.0849999999999999,0.08476116490999108,0.07736479823890112,2026-07-24,62
KXHIGHTLV,2026-07-26,15,111-112,0.895,0.7052910891089107,-0.1897089108910893,1,False,hourly_snapshot,0.7052910891089107,0.7277058422258758,0.895,0.8803232083847892,0.07736479823890112,2026-07-24,62
KXHIGHTLV,2026-07-26,15,113-114,0.105,0.0704584158415841,-0.0345415841584158,0,False,hourly_snapshot,0.0704584158415841,0.21382206162595582,0.105,0.10232769731073213,0.07736479823890112,2026-07-24,62
KXHIGHTLV,2026-07-26,16,111-112,0.955,0.7011118811881203,-0.2538881188118796,1,False,hourly_snapshot,0.7011118811881203,0.7277058422258758,0.955,0.9353579969128647,0.07736479823890112,2026-07-24,62
KXHIGHTLV,2026-07-26,16,113-114,0.035,0.0187702970297029,-0.016229702970297,0,False,hourly_snapshot,0.0187702970297029,0.11996923865675468,0.035,0.03374439230422567,0.07736479823890112,2026-07-24,62
KXHIGHTLV,2026-07-27,13,107-108,0.04,0.39930198019802,0.35930198019802,0,False,hourly_snapshot,0.39930198019802,0.47495245253896207,0.04,0.06775891940900439,0.07725790821889092,2026-07-25,63
KXHIGHTLV,2026-07-27,13,109-110,0.75,0.4012257425742579,-0.3487742574257421,1,False,hourly_snapshot,0.4012257425742579,0.47495245253896207,0.75,0.7230544304306902,0.07725790821889092,2026-07-25,63
KXHIGHTLV,2026-07-27,13,111-112,0.2299999999999999,0.123369306930693,-0.1066306930693069,0,False,hourly_snapshot,0.123369306930693,0.3316070159340953,0.2299999999999999,0.22176193570153466,0.07725790821889092,2026-07-25,63
KXHIGHTLV,2026-07-27,14,107-108,0.04,0.135089108910891,0.095089108910891,0,False,hourly_snapshot,0.135089108910891,0.3316070159340953,0.04,0.04734638564885374,0.07725790821889092,2026-07-25,63
KXHIGHTLV,2026-07-27,14,109-110,0.785,0.6378930693069313,-0.1471069306930686,1,False,hourly_snapshot,0.6378930693069313,0.47495245253896207,0.785,0.7736348262501522,0.07725790821889092,2026-07-25,63
KXHIGHTLV,2026-07-27,14,111-112,0.195,0.1937900990099008,-0.0012099009900991,0,False,hourly_snapshot,0.1937900990099008,0.3316070159340953,0.195,0.19490652558035299,0.07725790821889092,2026-07-25,63
KXHIGHTLV,2026-07-27,15,109-110,0.76,0.7052910891089107,-0.0547089108910893,1,False,hourly_snapshot,0.7052910891089107,0.7321276289697831,0.76,0.7557733039836207,0.07725790821889092,2026-07-25,63
KXHIGHTLV,2026-07-27,15,111-112,0.235,0.0704584158415841,-0.1645415841584158,0,False,hourly_snapshot,0.0704584158415841,0.21039665625525122,0.235,0.2222878613928982,0.07725790821889092,2026-07-25,63
KXHIGHTLV,2026-07-27,16,109-110,0.825,0.8452366336633672,0.0202366336633672,1,False,hourly_snapshot,0.8452366336633672,0.7321276289697831,0.825,0.8265634399862237,0.07725790821889092,2026-07-25,63
KXHIGHTLV,2026-07-27,16,111-112,0.165,0.1442960396039608,-0.0207039603960391,0,False,hourly_snapshot,0.1442960396039608,0.3316070159340953,0.165,0.16340045532795525,0.07725790821889092,2026-07-25,63
KXHIGHTLV,2026-07-27,17,109-110,0.885,0.9921,0.1070999999999999,1,False,metar_6h_group,0.9921,1.0,0.885,0.8932743219702433,0.07725790821889092,2026-07-25,63
KXHIGHTLV,2026-07-27,17,111-112,0.135,0.0079,-0.1271,0,False,metar_6h_group,0.0079,0.1131557629277648,0.135,0.12518051986537898,0.07725790821889092,2026-07-25,63
KXHIGHTLV,2026-07-28,13,109-110,0.705,0.4012257425742579,-0.303774257425742,1,False,hourly_snapshot,0.4012257425742579,0.47547470986537294,0.705,0.6830972392026629,0.07210209641510293,2026-07-26,64
KXHIGHTLV,2026-07-28,13,111-112,0.255,0.123369306930693,-0.1316306930693069,0,False,hourly_snapshot,0.123369306930693,0.3290553403023414,0.255,0.24550915107713,0.07210209641510293,2026-07-26,64
KXHIGHTLV,2026-07-28,14,107-108,0.035,0.6378930693069313,0.6028930693069313,0,False,hourly_snapshot,0.6378930693069313,0.47547470986537294,0.035,0.0784698542111657,0.07210209641510293,2026-07-26,64
KXHIGHTLV,2026-07-28,14,109-110,0.8049999999999999,0.1937900990099008,-0.6112099009900991,1,False,hourly_snapshot,0.1937900990099008,0.3290553403023414,0.8049999999999999,0.7609304847889463,0.07210209641510293,2026-07-26,64
KXHIGHTLV,2026-07-28,14,111-112,0.155,0.0318702970297029,-0.123129702970297,0,False,hourly_snapshot,0.0318702970297029,0.1354849215642181,0.155,0.14612209028487266,0.07210209641510293,2026-07-26,64
KXHIGHTLV,2026-07-28,15,109-110,0.765,0.7052910891089107,-0.0597089108910893,1,False,hourly_snapshot,0.7052910891089107,0.7372478301712153,0.765,0.7606948623500899,0.07210209641510293,2026-07-26,64
KXHIGHTLV,2026-07-28,15,111-112,0.195,0.0704584158415841,-0.1245415841584158,0,False,hourly_snapshot,0.0704584158415841,0.20260688157968407,0.195,0.18602029069132026,0.07210209641510293,2026-07-26,64
KXHIGHTLV,2026-07-28,16,109-110,0.905,0.2795346534653465,-0.6254653465346536,1,False,hourly_snapshot,0.2795346534653465,0.47547470986537294,0.905,0.8599026372798527,0.07210209641510293,2026-07-26,64
KXHIGHTLV,2026-07-28,16,111-112,0.075,0.7011118811881203,0.6261118811881203,0,False,hourly_snapshot,0.7011118811881203,0.7372478301712153,0.075,0.12014397922406732,0.07210209641510293,2026-07-26,64
KXHIGHTLV,2026-07-28,17,109-110,0.95,0.2946831683168316,-0.6553168316831683,1,False,hourly_snapshot,0.2946831683168316,0.47547470986537294,0.95,0.9027502826195404,0.07210209641510293,2026-07-26,64
KXHIGHTLV,2026-07-28,17,111-112,0.055,0.6937960396039617,0.6387960396039617,0,False,hourly_snapshot,0.6937960396039617,0.47547470986537294,0.055,0.10105853363711076,0.07210209641510293,2026-07-26,64
KXHIGHTLV,2026-07-29,13,107-108,0.1649999999999999,0.4647326732673275,0.2997326732673275,0,False,hourly_snapshot,0.4647326732673275,0.4779342049274195,0.1649999999999999,0.18628223084527584,0.07100404041135217,2026-07-27,65
KXHIGHTLV,2026-07-29,13,109-110,0.735,0.2464049504950494,-0.4885950495049506,1,False,hourly_snapshot,0.2464049504950494,0.4779342049274195,0.735,0.7003077773601638,0.07100404041135217,2026-07-27,65
KXHIGHTLV,2026-07-29,13,111-112,0.0849999999999999,0.051491089108911,-0.0335089108910889,0,False,hourly_snapshot,0.051491089108911,0.19952879800996326,0.0849999999999999,0.08262073193694862,0.07100404041135217,2026-07-27,65
KXHIGHTLV,2026-07-29,14,107-108,0.075,0.4945663366336641,0.4195663366336641,0,False,hourly_snapshot,0.4945663366336641,0.4779342049274195,0.075,0.10479090512157967,0.07100404041135217,2026-07-27,65
KXHIGHTLV,2026-07-29,14,109-110,0.8200000000000001,0.4149336633663364,-0.4050663366336636,1,False,hourly_snapshot,0.4149336633663364,0.4779342049274195,0.8200000000000001,0.791238653464385,0.07100404041135217,2026-07-27,65
KXHIGHTLV,2026-07-29,14,111-112,0.115,0.0819128712871286,-0.0330871287128713,0,False,hourly_snapshot,0.0819128712871286,0.32082627645742917,0.115,0.11265068017577567,0.07100404041135217,2026-07-27,65
KXHIGHTLV,2026-07-29,15,109-110,0.885,0.7052910891089107,-0.1797089108910893,1,False,hourly_snapshot,0.7052910891089107,0.7413674864265289,0.885,0.872239941228809,0.07100404041135217,2026-07-27,65
KXHIGHTLV,2026-07-29,15,111-112,0.095,0.0704584158415841,-0.0245415841584158,0,False,hourly_snapshot,0.0704584158415841,0.19952879800996326,0.095,0.09325744836665724,0.07100404041135217,2026-07-27,65
KXHIGHTLV,2026-07-29,16,109-110,0.89,0.7011118811881203,-0.1888881188118797,1,False,hourly_snapshot,0.7011118811881203,0.7413674864265289,0.89,0.876588180378657,0.07100404041135217,2026-07-27,65
KXHIGHTLV,2026-07-29,16,111-112,0.1,0.0187702970297029,-0.081229702970297,0,False,hourly_snapshot,0.0187702970297029,0.114112942553399,0.1,0.0942323628876949,0.07100404041135217,2026-07-27,65
KXHIGHTLV,2026-07-29,17,109-110,0.945,0.9987,0.0537,1,False,metar_6h_group,0.9987,1.0,0.945,0.9488129169700895,0.07100404041135217,2026-07-27,65
KXHIGHTLV,2026-07-29,17,111-112,0.05,0.0012999999999999,-0.0487,0,False,metar_6h_group,0.0012999999999999,0.0,0.05,0.04654210323196714,0.07100404041135217,2026-07-27,65
KXHIGHTLV,2026-07-30,13,110-111,0.84,0.051491089108911,-0.788508910891089,1,False,hourly_snapshot,0.051491089108911,0.1962758166961695,0.84,0.7897062652303505,0.0637833435678144,2026-07-28,66
KXHIGHTLV,2026-07-30,13,112-113,0.125,0.0046019801980198,-0.1203980198019801,0,False,hourly_snapshot,0.0046019801980198,0.11124324963205394,0.125,0.11732061173808578,0.0637833435678144,2026-07-28,66
KXHIGHTLV,2026-07-30,14,108-109,0.045,0.4945663366336641,0.4495663366336641,0,False,hourly_snapshot,0.4945663366336641,0.4807239649172742,0.045,0.0736748441060287,0.0637833435678144,2026-07-28,66
KXHIGHTLV,2026-07-30,14,110-111,0.855,0.4149336633663364,-0.4400663366336635,1,False,hourly_snapshot,0.4149336633663364,0.4807239649172742,0.855,0.8269310976578655,0.0637833435678144,2026-07-28,66
KXHIGHTLV,2026-07-30,14,112-113,0.115,0.0819128712871286,-0.0330871287128713,0,False,hourly_snapshot,0.0819128712871286,0.3199199673341261,0.115,0.11288959230163444,0.0637833435678144,2026-07-28,66
KXHIGHTLV,2026-07-30,15,110-111,0.775,0.7052910891089107,-0.0697089108910893,1,False,hourly_snapshot,0.7052910891089107,0.7373085098792296,0.775,0.7705537325868955,0.0637833435678144,2026-07-28,66
KXHIGHTLV,2026-07-30,15,112-113,0.225,0.0704584158415841,-0.1545415841584158,0,False,hourly_snapshot,0.0704584158415841,0.1962758166961695,0.225,0.21514282104210947,0.0637833435678144,2026-07-28,66
KXHIGHTLV,2026-07-30,16,110-111,0.925,0.8452366336633672,-0.0797633663366328,1,False,hourly_snapshot,0.8452366336633672,0.7373085098792296,0.925,0.9199124258008251,0.0637833435678144,2026-07-28,66
KXHIGHTLV,2026-07-30,16,112-113,0.055,0.1442960396039608,0.0892960396039608,0,False,hourly_snapshot,0.1442960396039608,0.3199199673341261,0.055,0.06069559997330459,0.0637833435678144,2026-07-28,66
KXHIGHTLV,2026-07-30,17,110-111,0.87,0.9921,0.1220999999999999,1,False,metar_6h_group,0.9921,1.0,0.87,0.8777879462496301,0.0637833435678144,2026-07-28,66
KXHIGHTLV,2026-07-30,17,112-113,0.0849999999999999,0.0079,-0.0770999999999999,0,False,metar_6h_group,0.0079,0.11124324963205394,0.0849999999999999,0.08008230421092141,0.0637833435678144,2026-07-28,66
KXHIGHTPHX,2026-06-24,13,109-110,0.585,0.4408079207920801,-0.1441920792079198,0,False,hourly_snapshot,0.4408079207920801,0.5340824796006336,0.585,0.585,0.0,2026-06-22,30
KXHIGHTPHX,2026-06-24,13,111-112,0.355,0.1835495049504951,-0.1714504950495048,0,False,hourly_snapshot,0.1835495049504951,0.48551355123880424,0.355,0.355,0.0,2026-06-22,30
KXHIGHTPHX,2026-06-24,14,109-110,0.565,0.2795049504950488,-0.2854950495049511,0,False,hourly_snapshot,0.2795049504950488,0.48551355123880424,0.565,0.565,0.0,2026-06-22,30
KXHIGHTPHX,2026-06-24,14,111-112,0.185,0.0406712871287129,-0.144328712871287,0,False,hourly_snapshot,0.0406712871287129,0.07335628836234467,0.185,0.185,0.0,2026-06-22,30
KXHIGHTPHX,2026-06-24,15,109-110,0.6799999999999999,0.1061861386138612,-0.5738138613861388,0,False,hourly_snapshot,0.1061861386138612,0.4297334674377672,0.6799999999999999,0.6799999999999999,0.0,2026-06-22,30
KXHIGHTPHX,2026-06-24,15,111-112,0.105,0.0121108910891089,-0.092889108910891,0,False,hourly_snapshot,0.0121108910891089,0.06031069144075541,0.105,0.105,0.0,2026-06-22,30
KXHIGHTPHX,2026-06-24,16,109-110,0.065,0.0495940594059406,-0.0154059405940593,0,False,hourly_snapshot,0.0495940594059406,0.07335628836234467,0.065,0.065,0.0,2026-06-22,30
KXHIGHTPHX,2026-06-25,13,109-110,0.73,0.3377980198019805,-0.3922019801980194,1,False,hourly_snapshot,0.3377980198019805,0.48584547541654355,0.73,0.73,0.0,2026-06-23,31
KXHIGHTPHX,2026-06-25,13,111-112,0.05,0.0692673267326734,0.0192673267326734,0,False,hourly_snapshot,0.0692673267326734,0.4128841231617369,0.05,0.05,0.0,2026-06-23,31
KXHIGHTPHX,2026-06-25,14,109-110,0.7050000000000001,0.2795049504950488,-0.4254950495049512,1,False,hourly_snapshot,0.2795049504950488,0.48584547541654355,0.7050000000000001,0.7050000000000001,0.0,2026-06-23,31
KXHIGHTPHX,2026-06-25,14,111-112,0.0499999999999999,0.0406712871287129,-0.009328712871287,0,False,hourly_snapshot,0.0406712871287129,0.07335628836234467,0.0499999999999999,0.0499999999999999,0.0,2026-06-23,31
KXHIGHTPHX,2026-06-25,15,109-110,0.31,0.1061861386138612,-0.2038138613861388,1,False,hourly_snapshot,0.1061861386138612,0.4128841231617369,0.31,0.31,0.0,2026-06-23,31
KXHIGHTPHX,2026-06-25,16,109-110,0.44,0.7303207920792079,0.2903207920792078,1,False,hourly_snapshot,0.7303207920792079,0.6624132334150638,0.44,0.44,0.0,2026-06-23,31
KXHIGHTPHX,2026-06-25,17,109-110,0.125,0.732673267326733,0.607673267326733,1,False,hourly_snapshot,0.732673267326733,0.6624132334150638,0.125,0.125,0.0,2026-06-23,31
KXHIGHTPHX,2026-06-25,17,111-112,0.03,0.0396039603960396,0.0096039603960396,0,False,hourly_snapshot,0.0396039603960396,0.07335628836234467,0.03,0.03,0.0,2026-06-23,31
KXHIGHTPHX,2026-06-25,18,109-110,0.955,0.6831683168316834,-0.2718316831683166,1,False,hourly_snapshot,0.6831683168316834,0.6624132334150638,0.955,0.955,0.0,2026-06-23,31
KXHIGHTPHX,2026-06-26,13,109-110,0.715,0.4408079207920801,-0.2741920792079199,0,False,hourly_snapshot,0.4408079207920801,0.5295151362162372,0.715,0.714102115103728,0.0032746565796712146,2026-06-24,32
KXHIGHTPHX,2026-06-26,13,111-112,0.29,0.1835495049504951,-0.1064504950495048,1,False,hourly_snapshot,0.1835495049504951,0.46896022116418373,0.29,0.28965141118597687,0.0032746565796712146,2026-06-24,32
KXHIGHTPHX,2026-06-26,14,109-110,0.655,0.5736386138613867,-0.0813613861386133,0,False,hourly_snapshot,0.5736386138613867,0.5295151362162372,0.655,0.65473356940155,0.0032746565796712146,2026-06-24,32
KXHIGHTPHX,2026-06-26,14,111-112,0.305,0.2795049504950488,-0.0254950495049511,1,False,hourly_snapshot,0.2795049504950488,0.46896022116418373,0.305,0.3049165124683896,0.0032746565796712146,2026-06-24,32
KXHIGHTPHX,2026-06-26,15,111-112,0.925,0.7042683168316839,-0.2207316831683161,1,False,hourly_snapshot,0.7042683168316839,0.6624132334150638,0.925,0.924277179541371,0.0032746565796712146,2026-06-24,32
KXHIGHTPHX,2026-06-26,15,113-114,0.045,0.1061861386138612,0.0611861386138612,0,False,hourly_snapshot,0.1061861386138612,0.40086314644080756,0.045,0.04520036359139656,0.0032746565796712146,2026-06-24,32
KXHIGHTPHX,2026-06-26,16,111-112,0.885,0.6664584158415836,-0.2185415841584164,1,False,hourly_snapshot,0.6664584158415836,0.6624132334150638,0.885,0.8842843513635039,0.0032746565796712146,2026-06-24,32
KXHIGHTPHX,2026-06-26,16,113-114,0.055,0.3218950495049509,0.2668950495049509,0,False,hourly_snapshot,0.3218950495049509,0.46896022116418373,0.055,0.05587398962994306,0.0032746565796712146,2026-06-24,32
KXHIGHTPHX,2026-06-27,13,106-107,0.4549999999999999,0.3170891089108915,-0.1379108910891084,0,False,hourly_snapshot,0.3170891089108915,0.4829370420218334,0.4549999999999999,0.4532742826269584,0.012513278388770997,2026-06-25,33
KXHIGHTPHX,2026-06-27,13,108-109,0.5549999999999999,0.4408079207920801,-0.1141920792079198,1,False,hourly_snapshot,0.4408079207920801,0.5295151362162372,0.5549999999999999,0.5535710827230786,0.012513278388770997,2026-06-25,33
KXHIGHTPHX,2026-06-27,13,110-111,0.03,0.1835495049504951,0.1535495049504951,0,False,hourly_snapshot,0.1835495049504951,0.4829370420218334,0.03,0.03192140770190351,0.012513278388770997,2026-06-25,33
KXHIGHTPHX,2026-06-27,14,106-107,0.315,0.1032039603960395,-0.2117960396039604,0,False,hourly_snapshot,0.1032039603960395,0.4023816117418998,0.315,0.3123497371947965,0.012513278388770997,2026-06-25,33
KXHIGHTPHX,2026-06-27,14,108-109,0.6599999999999999,0.5736386138613867,-0.0863613861386132,1,False,hourly_snapshot,0.5736386138613867,0.5295151362162372,0.6599999999999999,0.6589193359332073,0.012513278388770997,2026-06-25,33
KXHIGHTPHX,2026-06-27,14,110-111,0.055,0.2795049504950488,0.2245049504950488,0,False,hourly_snapshot,0.2795049504950488,0.4829370420218334,0.055,0.0578092929452018,0.012513278388770997,2026-06-25,33
KXHIGHTPHX,2026-06-27,15,108-109,0.89,0.7042683168316839,-0.1857316831683161,1,False,hourly_snapshot,0.7042683168316839,0.6873540793808169,0.89,0.8876758877428998,0.012513278388770997,2026-06-25,33
KXHIGHTPHX,2026-06-27,15,110-111,0.1,0.1061861386138612,0.0061861386138611,0,False,hourly_snapshot,0.1061861386138612,0.40669067889107186,0.1,0.10007740887462678,0.012513278388770997,2026-06-25,33
KXHIGHTPHX,2026-06-28,13,102-103,0.575,0.3170891089108915,-0.2579108910891085,0,False,hourly_snapshot,0.3170891089108915,0.4907502863688431,0.575,0.5709708352907771,0.015622313164862848,2026-06-26,34
KXHIGHTPHX,2026-06-28,13,104-105,0.41,0.4408079207920801,0.03080792079208,1,False,hourly_snapshot,0.4408079207920801,0.5122812620346975,0.41,0.41048129098657216,0.015622313164862848,2026-06-26,34
KXHIGHTPHX,2026-06-28,14,102-103,0.275,0.3829980198019804,0.1079980198019803,0,False,hourly_snapshot,0.3829980198019804,0.5122812620346975,0.275,0.2766871788865316,0.015622313164862848,2026-06-26,34
KXHIGHTPHX,2026-06-28,14,104-105,0.7,0.4841267326732673,-0.2158732673267326,1,False,hourly_snapshot,0.4841267326732673,0.5122812620346975,0.7,0.6966275602138996,0.015622313164862848,2026-06-26,34
KXHIGHTPHX,2026-06-28,14,106-107,0.03,0.1218138613861384,0.0918138613861384,0,False,hourly_snapshot,0.1218138613861384,0.39551905739534055,0.03,0.031434344895449565,0.015622313164862848,2026-06-26,34
KXHIGHTPHX,2026-06-28,15,102-103,0.605,0.5874950495049504,-0.0175049504950496,0,False,hourly_snapshot,0.5874950495049504,0.5122812620346975,0.605,0.6047265321814309,0.015622313164862848,2026-06-26,34
KXHIGHTPHX,2026-06-28,15,104-105,0.365,0.3828693069306937,0.0178693069306937,1,False,hourly_snapshot,0.3828693069306937,0.5122812620346975,0.365,0.36527915990891036,0.015622313164862848,2026-06-26,34
KXHIGHTPHX,2026-06-28,16,104-105,0.92,0.6664584158415836,-0.2535415841584164,1,False,hourly_snapshot,0.6664584158415836,0.7037682389127109,0.92,0.9160390939719618,0.015622313164862848,2026-06-26,34
KXHIGHTPHX,2026-06-28,16,106-107,0.045,0.3218950495049509,0.2768950495049509,0,False,hourly_snapshot,0.3218950495049509,0.4907502863688431,0.045,0.049325741177166545,0.015622313164862848,2026-06-26,34
KXHIGHTPHX,2026-06-29,13,100-101,0.105,0.4408079207920801,0.3358079207920801,0,False,hourly_snapshot,0.4408079207920801,0.5276544647405574,0.105,0.11032452997048672,0.015855879628829467,2026-06-27,35
KXHIGHTPHX,2026-06-29,13,102-103,0.56,0.1835495049504951,-0.3764504950495049,1,False,hourly_snapshot,0.1835495049504951,0.47073204230188165,0.56,0.5540310462642818,0.015855879628829467,2026-06-27,35
KXHIGHTPHX,2026-06-29,13,104-105,0.375,0.0198445544554456,-0.3551554455445544,0,False,hourly_snapshot,0.0198445544554456,0.061559898123508115,0.375,0.36936869800592226,0.015855879628829467,2026-06-27,35
KXHIGHTPHX,2026-06-29,14,100-101,0.125,0.3829980198019804,0.2579980198019804,0,False,hourly_snapshot,0.3829980198019804,0.5276544647405574,0.125,0.12909078554645656,0.015855879628829467,2026-06-27,35
KXHIGHTPHX,2026-06-29,14,102-103,0.685,0.4841267326732673,-0.2008732673267327,1,False,hourly_snapshot,0.4841267326732673,0.5276544647405574,0.685,0.6818149776526177,0.015855879628829467,2026-06-27,35
KXHIGHTPHX,2026-06-29,14,104-105,0.155,0.1218138613861384,-0.0331861386138615,0,False,hourly_snapshot,0.1218138613861384,0.37809233891425675,0.155,0.15447380458079296,0.015855879628829467,2026-06-27,35
KXHIGHTPHX,2026-06-29,15,102-103,0.63,0.5874950495049504,-0.0425049504950496,1,False,hourly_snapshot,0.5874950495049504,0.5276544647405574,0.63,0.6293260466213212,0.015855879628829467,2026-06-27,35
KXHIGHTPHX,2026-06-29,15,104-105,0.35,0.3828693069306937,0.0328693069306937,0,False,hourly_snapshot,0.3828693069306937,0.5276544647405574,0.35,0.35052117177417613,0.015855879628829467,2026-06-27,35
KXHIGHTPHX,2026-06-29,16,102-103,0.8,0.6664584158415836,-0.1335415841584164,1,False,hourly_snapshot,0.6664584158415836,0.7113455334667033,0.8,0.797882580716141,0.015855879628829467,2026-06-27,35
KXHIGHTPHX,2026-06-29,16,104-105,0.175,0.3218950495049509,0.1468950495049509,0,False,hourly_snapshot,0.3218950495049509,0.47073204230188165,0.175,0.17732915022302143,0.015855879628829467,2026-06-27,35
KXHIGHTPHX,2026-06-29,17,102-103,0.925,1.0,0.0749999999999999,1,False,metar_6h_group,1.0,1.0,0.925,0.9261891909721622,0.015855879628829467,2026-06-27,35
KXHIGHTPHX,2026-06-29,17,104-105,0.06,0.0,-0.06,0,False,metar_6h_group,0.0,0.0,0.06,0.05904864722227023,0.015855879628829467,2026-06-27,35
KXHIGHTPHX,2026-06-30,13,100-101,0.105,0.1574554455445544,0.0524554455445544,0,False,hourly_snapshot,0.1574554455445544,0.42786323548841754,0.105,0.10591253485634962,0.01739637985868481,2026-06-28,36
KXHIGHTPHX,2026-06-30,13,102-103,0.655,0.4286633663366345,-0.2263366336633654,1,False,hourly_snapshot,0.4286633663366345,0.5323902472200497,0.655,0.6510625619448561,0.01739637985868481,2026-06-28,36
KXHIGHTPHX,2026-06-30,13,104-105,0.275,0.3377980198019805,0.0627980198019805,0,False,hourly_snapshot,0.3377980198019805,0.4596218318358589,0.275,0.27609245820684847,0.01739637985868481,2026-06-28,36
KXHIGHTPHX,2026-06-30,14,102-103,0.5700000000000001,0.4841267326732673,-0.0858732673267327,1,False,hourly_snapshot,0.4841267326732673,0.5323902472200497,0.5700000000000001,0.5685061160218778,0.01739637985868481,2026-06-28,36
KXHIGHTPHX,2026-06-30,14,104-105,0.42,0.1218138613861384,-0.2981861386138616,0,False,hourly_snapshot,0.1218138613861384,0.37008268604359806,0.42,0.4148126406640788,0.01739637985868481,2026-06-28,36
KXHIGHTPHX,2026-06-30,15,102-103,0.7949999999999999,0.3828693069306937,-0.4121306930693062,1,False,hourly_snapshot,0.3828693069306937,0.5323902472200497,0.7949999999999999,0.7878304179119432,0.01739637985868481,2026-06-28,36
KXHIGHTPHX,2026-06-30,15,104-105,0.215,0.0276277227722772,-0.1873722772277227,0,False,hourly_snapshot,0.0276277227722772,0.061559898123508115,0.215,0.21174040069035974,0.01739637985868481,2026-06-28,36
KXHIGHTPHX,2026-06-30,16,102-103,0.91,0.7303207920792079,-0.1796792079207921,1,False,hourly_snapshot,0.7303207920792079,0.7177627162685953,0.91,0.9068742322463024,0.01739637985868481,2026-06-28,36
KXHIGHTPHX,2026-06-30,16,104-105,0.07,0.0495940594059406,-0.0204059405940593,0,False,hourly_snapshot,0.0495940594059406,0.061559898123508115,0.07,0.069645010506052,0.01739637985868481,2026-06-28,36
KXHIGHTPHX,2026-07-01,13,100-101,0.4,0.1835495049504951,-0.2164504950495048,0,False,hourly_snapshot,0.1835495049504951,0.460324153379892,0.4,0.3973581531209873,0.012205316871224796,2026-06-29,37
KXHIGHTPHX,2026-07-01,13,102-103,0.525,0.0198445544554456,-0.5051554455445544,1,False,hourly_snapshot,0.0198445544554456,0.05997752233856697,0.525,0.518834417717904,0.012205316871224796,2026-06-29,37
KXHIGHTPHX,2026-07-01,13,104-105,0.045,0.0024168316831682,-0.0425831683168317,0,False,hourly_snapshot,0.0024168316831682,0.0,0.045,0.04448025893731237,0.012205316871224796,2026-06-29,37
KXHIGHTPHX,2026-07-01,14,100-101,0.44,0.4841267326732673,0.0441267326732673,0,False,hourly_snapshot,0.4841267326732673,0.5278017221403479,0.44,0.44053858075476904,0.012205316871224796,2026-06-29,37
KXHIGHTPHX,2026-07-01,14,102-103,0.55,0.1218138613861384,-0.4281861386138616,1,False,hourly_snapshot,0.1218138613861384,0.36467057907431677,0.55,0.5447738524983516,0.012205316871224796,2026-06-29,37
KXHIGHTPHX,2026-07-01,14,104-105,0.03,0.0103871287128713,-0.0196128712871286,0,False,hourly_snapshot,0.0103871287128713,0.05552662152958616,0.03,0.029760618691186045,0.012205316871224796,2026-06-29,37
KXHIGHTPHX,2026-07-01,15,100-101,0.74,0.7042683168316839,-0.0357316831683161,0,False,hourly_snapshot,0.7042683168316839,0.722391429362527,0.74,0.7395638834845885,0.012205316871224796,2026-06-29,37
KXHIGHTPHX,2026-07-01,15,102-103,0.215,0.1061861386138612,-0.1088138613861388,1,False,hourly_snapshot,0.1061861386138612,0.36467057907431677,0.215,0.21367189234180065,0.012205316871224796,2026-06-29,37
KXHIGHTPHX,2026-07-01,15,104-105,0.0349999999999999,0.0121108910891089,-0.022889108910891,0,False,hourly_snapshot,0.0121108910891089,0.05552662152958616,0.0349999999999999,0.0347206311728425,0.012205316871224796,2026-06-29,37
KXHIGHTPHX,2026-07-02,13,102-103,0.55,0.4286633663366345,-0.1213366336633655,1,False,hourly_snapshot,0.4286633663366345,0.5432930020386962,0.55,0.5487860962373389,0.01000442921491509,2026-06-30,38
KXHIGHTPHX,2026-07-02,13,104-105,0.4549999999999999,0.3377980198019805,-0.1172019801980194,0,False,hourly_snapshot,0.3377980198019805,0.4550475446137814,0.4549999999999999,0.45382746108526095,0.01000442921491509,2026-06-30,38
KXHIGHTPHX,2026-07-02,14,100-101,0.075,0.3829980198019804,0.3079980198019804,0,False,hourly_snapshot,0.3829980198019804,0.5432930020386962,0.075,0.07808134438744292,0.01000442921491509,2026-06-30,38
KXHIGHTPHX,2026-07-02,14,102-103,0.615,0.4841267326732673,-0.1308732673267326,1,False,hourly_snapshot,0.4841267326732673,0.5432930020386962,0.615,0.6136906876609051,0.01000442921491509,2026-06-30,38
KXHIGHTPHX,2026-07-02,14,104-105,0.295,0.1218138613861384,-0.1731861386138616,0,False,hourly_snapshot,0.1218138613861384,0.3509831280960766,0.295,0.29326737153523313,0.01000442921491509,2026-06-30,38
KXHIGHTPHX,2026-07-02,15,102-103,0.7949999999999999,0.3828693069306937,-0.4121306930693062,1,False,hourly_snapshot,0.3828693069306937,0.5432930020386962,0.7949999999999999,0.7908768676538942,0.01000442921491509,2026-06-30,38
KXHIGHTPHX,2026-07-02,15,104-105,0.19,0.0276277227722772,-0.1623722772277227,0,False,hourly_snapshot,0.0276277227722772,0.056130046757682725,0.19,0.1883755580460107,0.01000442921491509,2026-06-30,38
KXHIGHTPHX,2026-07-02,16,102-103,0.85,0.7303207920792079,-0.1196792079207921,1,False,hourly_snapshot,0.7303207920792079,0.7283319322184628,0.85,0.8488026778358593,0.01000442921491509,2026-06-30,38
KXHIGHTPHX,2026-07-02,16,104-105,0.155,0.0495940594059406,-0.1054059405940593,0,False,hourly_snapshot,0.0495940594059406,0.056130046757682725,0.155,0.15394547372849518,0.01000442921491509,2026-06-30,38
KXHIGHTPHX,2026-07-02,17,102-103,0.92,1.0,0.08,1,False,metar_6h_group,1.0,1.0,0.92,0.9208003543371932,0.01000442921491509,2026-06-30,38
KXHIGHTPHX,2026-07-02,17,104-105,0.03,0.0,-0.03,0,False,metar_6h_group,0.0,0.0,0.03,0.029699867123552545,0.01000442921491509,2026-06-30,38
KXHIGHTPHX,2026-07-02,18,106-107,0.055,0.0,-0.055,0,True,metar_6h_group,0.0,0.0,0.055,0.05444975639317967,0.01000442921491509,2026-06-30,38
KXHIGHTPHX,2026-07-03,13,104-105,0.125,0.3377980198019805,0.2127980198019805,0,False,hourly_snapshot,0.3377980198019805,0.4498905344494527,0.125,0.125,0.0,2026-07-01,39
KXHIGHTPHX,2026-07-03,13,106-107,0.8,0.0692673267326734,-0.7307326732673266,1,False,hourly_snapshot,0.0692673267326734,0.37446191250829525,0.8,0.8,0.0,2026-07-01,39
KXHIGHTPHX,2026-07-03,13,108-109,0.0849999999999999,0.0061059405940594,-0.0788940594059405,0,False,hourly_snapshot,0.0061059405940594,0.0,0.0849999999999999,0.0849999999999999,0.0,2026-07-01,39
KXHIGHTPHX,2026-07-03,14,106-107,0.84,0.5736386138613867,-0.2663613861386132,1,False,hourly_snapshot,0.5736386138613867,0.5368353619474697,0.84,0.84,0.0,2026-07-01,39
KXHIGHTPHX,2026-07-03,14,108-109,0.155,0.2795049504950488,0.1245049504950488,0,False,hourly_snapshot,0.2795049504950488,0.4498905344494527,0.155,0.155,0.0,2026-07-01,39
KXHIGHTPHX,2026-07-03,15,106-107,0.86,0.5874950495049504,-0.2725049504950496,1,False,hourly_snapshot,0.5874950495049504,0.5368353619474697,0.86,0.86,0.0,2026-07-01,39
KXHIGHTPHX,2026-07-03,15,108-109,0.125,0.3828693069306937,0.2578693069306937,0,False,hourly_snapshot,0.3828693069306937,0.5368353619474697,0.125,0.125,0.0,2026-07-01,39
KXHIGHTPHX,2026-07-03,16,106-107,0.915,0.6664584158415836,-0.2485415841584164,1,False,hourly_snapshot,0.6664584158415836,0.7130729935447886,0.915,0.915,0.0,2026-07-01,39
KXHIGHTPHX,2026-07-03,16,108-109,0.085,0.3218950495049509,0.2368950495049508,0,False,hourly_snapshot,0.3218950495049509,0.4498905344494527,0.085,0.085,0.0,2026-07-01,39
KXHIGHTPHX,2026-07-04,13,104-105,0.655,0.0692673267326734,-0.5857326732673266,0,False,hourly_snapshot,0.0692673267326734,0.3694499649456223,0.655,0.655,0.0,2026-07-02,40
KXHIGHTPHX,2026-07-04,13,106-107,0.165,0.0061059405940594,-0.1588940594059406,0,False,hourly_snapshot,0.0061059405940594,0.0,0.165,0.165,0.0,2026-07-02,40
KXHIGHTPHX,2026-07-04,14,104-105,0.47,0.0406712871287129,-0.429328712871287,0,False,hourly_snapshot,0.0406712871287129,0.08165665641539811,0.47,0.47,0.0,2026-07-02,40
KXHIGHTPHX,2026-07-04,14,106-107,0.03,0.0028643564356435,-0.0271356435643564,0,False,hourly_snapshot,0.0028643564356435,0.0,0.03,0.03,0.0,2026-07-02,40
KXHIGHTPHX,2026-07-04,15,104-105,0.3,0.0121108910891089,-0.2878891089108911,0,False,hourly_snapshot,0.0121108910891089,0.04942762383652509,0.3,0.3,0.0,2026-07-02,40
KXHIGHTPHX,2026-07-04,16,104-105,0.155,0.009939603960396,-0.1450603960396039,0,False,hourly_snapshot,0.009939603960396,0.0442608139442698,0.155,0.155,0.0,2026-07-02,40
KXHIGHTPHX,2026-07-05,13,107-108,0.295,0.3377980198019805,0.0427980198019805,0,False,hourly_snapshot,0.3377980198019805,0.431550339715874,0.295,0.295,0.0,2026-07-03,41
KXHIGHTPHX,2026-07-05,13,109-110,0.605,0.0692673267326734,-0.5357326732673265,1,False,hourly_snapshot,0.0692673267326734,0.3805053822814498,0.605,0.605,0.0,2026-07-03,41
KXHIGHTPHX,2026-07-05,13,111-112,0.035,0.0061059405940594,-0.0288940594059406,0,False,hourly_snapshot,0.0061059405940594,0.0,0.035,0.035,0.0,2026-07-03,41
KXHIGHTPHX,2026-07-05,14,107-108,0.1149999999999999,0.5736386138613867,0.4586386138613867,0,False,hourly_snapshot,0.5736386138613867,0.5590479843942573,0.1149999999999999,0.1149999999999999,0.0,2026-07-03,41
KXHIGHTPHX,2026-07-05,14,109-110,0.855,0.2795049504950488,-0.5754950495049511,1,False,hourly_snapshot,0.2795049504950488,0.431550339715874,0.855,0.855,0.0,2026-07-03,41
KXHIGHTPHX,2026-07-05,14,111-112,0.06,0.0406712871287129,-0.019328712871287,0,False,hourly_snapshot,0.0406712871287129,0.08165665641539811,0.06,0.06,0.0,2026-07-03,41
KXHIGHTPHX,2026-07-05,15,107-108,0.335,0.7042683168316839,0.3692683168316839,0,False,hourly_snapshot,0.7042683168316839,0.7232206715090912,0.335,0.335,0.0,2026-07-03,41
KXHIGHTPHX,2026-07-05,15,109-110,0.67,0.1061861386138612,-0.5638138613861389,1,False,hourly_snapshot,0.1061861386138612,0.3805053822814498,0.67,0.67,0.0,2026-07-03,41
KXHIGHTPHX,2026-07-05,15,111-112,0.03,0.0121108910891089,-0.017889108910891,0,False,hourly_snapshot,0.0121108910891089,0.04942762383652509,0.03,0.03,0.0,2026-07-03,41
KXHIGHTPHX,2026-07-05,16,109-110,0.965,0.7303207920792079,-0.2346792079207921,1,False,hourly_snapshot,0.7303207920792079,0.7232206715090912,0.965,0.965,0.0,2026-07-03,41
KXHIGHTPHX,2026-07-05,16,111-112,0.03,0.0495940594059406,0.0195940594059406,0,False,hourly_snapshot,0.0495940594059406,0.08165665641539811,0.03,0.03,0.0,2026-07-03,41
KXHIGHTPHX,2026-07-05,17,109-110,0.96,1.0,0.04,1,False,metar_6h_group,1.0,1.0,0.96,0.96,0.0,2026-07-03,41
KXHIGHTPHX,2026-07-05,17,111-112,0.045,0.0,-0.045,0,False,metar_6h_group,0.0,0.0,0.045,0.045,0.0,2026-07-03,41
KXHIGHTPHX,2026-07-06,13,109-110,0.055,0.4286633663366345,0.3736633663366345,0,False,hourly_snapshot,0.4286633663366345,0.5397228652304834,0.055,0.061073430184403005,0.016253747976277218,2026-07-04,42
KXHIGHTPHX,2026-07-06,13,111-112,0.51,0.3377980198019805,-0.1722019801980194,0,False,hourly_snapshot,0.3377980198019805,0.431550339715874,0.51,0.5072010724128455,0.016253747976277218,2026-07-04,42
KXHIGHTPHX,2026-07-06,13,113-114,0.4599999999999999,0.0692673267326734,-0.3907326732673265,1,False,hourly_snapshot,0.0692673267326734,0.37075473267919845,0.4599999999999999,0.4536491296026157,0.016253747976277218,2026-07-04,42
KXHIGHTPHX,2026-07-06,14,109-110,0.04,0.4841267326732673,0.4441267326732673,0,False,hourly_snapshot,0.4841267326732673,0.5590479843942573,0.04,0.047218723982398736,0.016253747976277218,2026-07-04,42
KXHIGHTPHX,2026-07-06,14,111-112,0.64,0.1218138613861384,-0.5181861386138615,0,False,hourly_snapshot,0.1218138613861384,0.37075473267919845,0.64,0.6315775330981701,0.016253747976277218,2026-07-04,42
KXHIGHTPHX,2026-07-06,14,113-114,0.305,0.0103871287128713,-0.2946128712871287,1,False,hourly_snapshot,0.0103871287128713,0.045665711179203324,0.305,0.3002114366395316,0.016253747976277218,2026-07-04,42
KXHIGHTPHX,2026-07-06,15,113-114,0.935,0.1061861386138612,-0.8288138613861389,1,False,hourly_snapshot,0.1061861386138612,0.37075473267919845,0.935,0.9215286683777846,0.016253747976277218,2026-07-04,42
KXHIGHTPHX,2026-07-06,15,115-116,0.055,0.0121108910891089,-0.042889108910891,0,False,hourly_snapshot,0.0121108910891089,0.045665711179203324,0.055,0.05430289123283527,0.016253747976277218,2026-07-04,42
KXHIGHTPHX,2026-07-07,13,111-112,0.1649999999999999,0.4408079207920801,0.2758079207920801,0,False,hourly_snapshot,0.4408079207920801,0.5397228652304834,0.1649999999999999,0.16609473580708342,0.003969196402843017,2026-07-05,43
KXHIGHTPHX,2026-07-07,13,113-114,0.675,0.1835495049504951,-0.4914504950495049,1,False,hourly_snapshot,0.1835495049504951,0.43256536758441844,0.675,0.6730493364628741,0.003969196402843017,2026-07-05,43
KXHIGHTPHX,2026-07-07,13,115-116,0.195,0.0198445544554456,-0.1751554455445544,0,False,hourly_snapshot,0.0198445544554456,0.07521426605125445,0.195,0.1943047736356062,0.003969196402843017,2026-07-05,43
KXHIGHTPHX,2026-07-07,14,111-112,0.21,0.5736386138613867,0.3636386138613867,0,False,hourly_snapshot,0.5736386138613867,0.5494848090087611,0.21,0.21144335307807344,0.003969196402843017,2026-07-05,43
KXHIGHTPHX,2026-07-07,14,113-114,0.6,0.2795049504950488,-0.3204950495049511,1,False,hourly_snapshot,0.2795049504950488,0.43256536758441844,0.6,0.5987278922023759,0.003969196402843017,2026-07-05,43
KXHIGHTPHX,2026-07-07,14,115-116,0.175,0.0406712871287129,-0.134328712871287,0,False,hourly_snapshot,0.0406712871287129,0.07521426605125445,0.175,0.17446682295607274,0.003969196402843017,2026-07-05,43
KXHIGHTPHX,2026-07-07,15,113-114,0.84,0.3828693069306937,-0.4571306930693062,1,False,hourly_snapshot,0.3828693069306937,0.5397228652304834,0.84,0.8381855584974401,0.003969196402843017,2026-07-05,43
KXHIGHTPHX,2026-07-07,15,115-116,0.135,0.0276277227722772,-0.1073722772277227,0,False,hourly_snapshot,0.0276277227722772,0.07521426605125445,0.135,0.13457381834346266,0.003969196402843017,2026-07-05,43
KXHIGHTPHX,2026-07-07,16,113-114,0.945,0.7303207920792079,-0.2146792079207922,1,False,hourly_snapshot,0.7303207920792079,0.7171444297309494,0.945,0.9441478960601556,0.003969196402843017,2026-07-05,43
KXHIGHTPHX,2026-07-07,16,115-116,0.05,0.0495940594059406,-0.0004059405940593,0,False,hourly_snapshot,0.0495940594059406,0.07521426605125445,0.05,0.04999838874205429,0.003969196402843017,2026-07-05,43
KXHIGHTPHX,2026-07-08,13,111-112,0.1,0.4286633663366345,0.3286633663366345,0,False,hourly_snapshot,0.4286633663366345,0.5279277461022249,0.1,0.10047126648342607,0.0014338880803142536,2026-07-06,44
KXHIGHTPHX,2026-07-08,13,113-114,0.86,0.3377980198019805,-0.5222019801980194,1,False,hourly_snapshot,0.3377980198019805,0.4274156846058498,0.86,0.8592512208050775,0.0014338880803142536,2026-07-06,44
KXHIGHTPHX,2026-07-08,13,115-116,0.07,0.0692673267326734,-0.0007326732673265,0,False,hourly_snapshot,0.0692673267326734,0.40029838237452714,0.07,0.06999894942853523,0.0014338880803142536,2026-07-06,44
KXHIGHTPHX,2026-07-08,14,111-112,0.27,0.4841267326732673,0.2141267326732673,0,False,hourly_snapshot,0.4841267326732673,0.5346235872212269,0.27,0.27030703376965687,0.0014338880803142536,2026-07-06,44
KXHIGHTPHX,2026-07-08,14,113-114,0.695,0.1218138613861384,-0.5731861386138615,1,False,hourly_snapshot,0.1218138613861384,0.40029838237452714,0.695,0.6941781152280402,0.0014338880803142536,2026-07-06,44
KXHIGHTPHX,2026-07-08,14,115-116,0.05,0.0103871287128713,-0.0396128712871287,0,False,hourly_snapshot,0.0103871287128713,0.08064112713933645,0.05,0.04994319957603437,0.0014338880803142536,2026-07-06,44
KXHIGHTPHX,2026-07-08,15,111-112,0.395,0.3828693069306937,-0.0121306930693063,0,False,hourly_snapshot,0.3828693069306937,0.5279277461022249,0.395,0.39498260594380197,0.0014338880803142536,2026-07-06,44
KXHIGHTPHX,2026-07-08,15,113-114,0.625,0.0276277227722772,-0.5973722772277228,1,False,hourly_snapshot,0.0276277227722772,0.08064112713933645,0.625,0.624143435012173,0.0014338880803142536,2026-07-06,44
KXHIGHTPHX,2026-07-08,16,111-112,0.45,0.2101326732673266,-0.2398673267326733,0,False,hourly_snapshot,0.2101326732673266,0.4274156846058498,0.45,0.4496560570993412,0.0014338880803142536,2026-07-06,44
KXHIGHTPHX,2026-07-08,16,113-114,0.565,0.7303207920792079,0.1653207920792079,1,False,hourly_snapshot,0.7303207920792079,0.7171444297309494,0.565,0.5652370515131905,0.0014338880803142536,2026-07-06,44
KXHIGHTPHX,2026-07-09,13,111-112,0.08,0.1574554455445544,0.0774554455445544,0,False,hourly_snapshot,0.1574554455445544,0.40029838237452714,0.08,0.08,0.0,2026-07-07,45
KXHIGHTPHX,2026-07-09,13,113-114,0.865,0.4286633663366345,-0.4363366336633654,1,False,hourly_snapshot,0.4286633663366345,0.5253499795034728,0.865,0.865,0.0,2026-07-07,45
KXHIGHTPHX,2026-07-09,13,115-116,0.08,0.3377980198019805,0.2577980198019805,0,False,hourly_snapshot,0.3377980198019805,0.4381183894732638,0.08,0.08,0.0,2026-07-07,45
KXHIGHTPHX,2026-07-09,14,113-114,0.895,0.4841267326732673,-0.4108732673267327,1,False,hourly_snapshot,0.4841267326732673,0.5253499795034728,0.895,0.895,0.0,2026-07-07,45
KXHIGHTPHX,2026-07-09,14,115-116,0.1149999999999999,0.1218138613861384,0.0068138613861384,0,False,hourly_snapshot,0.1218138613861384,0.40029838237452714,0.1149999999999999,0.1149999999999999,0.0,2026-07-07,45
KXHIGHTPHX,2026-07-09,15,113-114,0.935,0.3828693069306937,-0.5521306930693064,1,False,hourly_snapshot,0.3828693069306937,0.5253499795034728,0.935,0.935,0.0,2026-07-07,45
KXHIGHTPHX,2026-07-09,15,115-116,0.08,0.0276277227722772,-0.0523722772277227,0,False,hourly_snapshot,0.0276277227722772,0.07601934131229396,0.08,0.08,0.0,2026-07-07,45
KXHIGHTPHX,2026-07-09,16,113-114,0.96,0.7303207920792079,-0.2296792079207921,1,False,hourly_snapshot,0.7303207920792079,0.7220621262450458,0.96,0.96,0.0,2026-07-07,45
KXHIGHTPHX,2026-07-09,16,115-116,0.035,0.0495940594059406,0.0145940594059406,0,False,hourly_snapshot,0.0495940594059406,0.07601934131229396,0.035,0.035,0.0,2026-07-07,45
KXHIGHTPHX,2026-07-09,18,115-116,0.155,0.0,-0.155,0,True,metar_6h_group,0.0,0.0,0.155,0.155,0.0,2026-07-07,45
KXHIGHTPHX,2026-07-10,13,109-110,0.4649999999999999,0.1835495049504951,-0.2814504950495048,0,False,hourly_snapshot,0.1835495049504951,0.43925385210346407,0.4649999999999999,0.4649999999999999,0.0,2026-07-08,46
KXHIGHTPHX,2026-07-10,13,111-112,0.415,0.0198445544554456,-0.3951554455445544,1,False,hourly_snapshot,0.0198445544554456,0.08888951062901919,0.415,0.415,0.0,2026-07-08,46
KXHIGHTPHX,2026-07-10,13,113-114,0.03,0.0024168316831682,-0.0275831683168317,0,False,hourly_snapshot,0.0024168316831682,0.0,0.03,0.03,0.0,2026-07-08,46
KXHIGHTPHX,2026-07-10,14,109-110,0.135,0.5736386138613867,0.4386386138613867,0,False,hourly_snapshot,0.5736386138613867,0.5124483190452951,0.135,0.135,0.0,2026-07-08,46
KXHIGHTPHX,2026-07-10,14,111-112,0.785,0.2795049504950488,-0.5054950495049512,1,False,hourly_snapshot,0.2795049504950488,0.43925385210346407,0.785,0.785,0.0,2026-07-08,46
KXHIGHTPHX,2026-07-10,14,113-114,0.04,0.0406712871287129,0.0006712871287129,0,False,hourly_snapshot,0.0406712871287129,0.08888951062901919,0.04,0.04,0.0,2026-07-08,46
KXHIGHTPHX,2026-07-10,15,109-110,0.515,0.5874950495049504,0.0724950495049503,0,False,hourly_snapshot,0.5874950495049504,0.5124483190452951,0.515,0.515,0.0,2026-07-08,46
KXHIGHTPHX,2026-07-10,15,111-112,0.485,0.3828693069306937,-0.1021306930693062,1,False,hourly_snapshot,0.3828693069306937,0.5097618486206084,0.485,0.485,0.0,2026-07-08,46
KXHIGHTPHX,2026-07-10,15,113-114,0.035,0.0276277227722772,-0.0073722772277227,0,False,hourly_snapshot,0.0276277227722772,0.08888951062901919,0.035,0.035,0.0,2026-07-08,46
KXHIGHTPHX,2026-07-10,16,109-110,0.7150000000000001,0.6664584158415836,-0.0485415841584164,0,False,hourly_snapshot,0.6664584158415836,0.7268117478071144,0.7150000000000001,0.7150000000000001,0.0,2026-07-08,46
KXHIGHTPHX,2026-07-10,16,111-112,0.3,0.3218950495049509,0.0218950495049509,1,False,hourly_snapshot,0.3218950495049509,0.43925385210346407,0.3,0.3,0.0,2026-07-08,46
KXHIGHTPHX,2026-07-11,13,106-107,0.155,0.4286633663366345,0.2736633663366346,0,False,hourly_snapshot,0.4286633663366345,0.5239969666838805,0.155,0.155,0.0,2026-07-09,47
KXHIGHTPHX,2026-07-11,13,108-109,0.625,0.3377980198019805,-0.2872019801980194,1,False,hourly_snapshot,0.3377980198019805,0.43526056474826497,0.625,0.625,0.0,2026-07-09,47
KXHIGHTPHX,2026-07-11,13,110-111,0.21,0.0692673267326734,-0.1407326732673266,0,False,hourly_snapshot,0.0692673267326734,0.39220997313397615,0.21,0.21,0.0,2026-07-09,47
KXHIGHTPHX,2026-07-11,14,106-107,0.075,0.1032039603960395,0.0282039603960395,0,False,hourly_snapshot,0.1032039603960395,0.39220997313397615,0.075,0.075,0.0,2026-07-09,47
KXHIGHTPHX,2026-07-11,14,108-109,0.675,0.5736386138613867,-0.1013613861386133,1,False,hourly_snapshot,0.5736386138613867,0.5239969666838805,0.675,0.675,0.0,2026-07-09,47
KXHIGHTPHX,2026-07-11,14,110-111,0.24,0.2795049504950488,0.0395049504950488,0,False,hourly_snapshot,0.2795049504950488,0.43526056474826497,0.24,0.24,0.0,2026-07-09,47
KXHIGHTPHX,2026-07-11,15,108-109,0.7050000000000001,0.7042683168316839,-0.0007316831683161,1,False,hourly_snapshot,0.7042683168316839,0.7314017662359946,0.7050000000000001,0.7050000000000001,0.0,2026-07-09,47
KXHIGHTPHX,2026-07-11,15,110-111,0.27,0.1061861386138612,-0.1638138613861388,0,False,hourly_snapshot,0.1061861386138612,0.39220997313397615,0.27,0.27,0.0,2026-07-09,47
KXHIGHTPHX,2026-07-11,16,108-109,0.5900000000000001,0.6664584158415836,0.0764584158415835,1,False,hourly_snapshot,0.6664584158415836,0.7314017662359946,0.5900000000000001,0.5900000000000001,0.0,2026-07-09,47
KXHIGHTPHX,2026-07-11,16,110-111,0.43,0.3218950495049509,-0.1081049504950491,0,False,hourly_snapshot,0.3218950495049509,0.43526056474826497,0.43,0.43,0.0,2026-07-09,47
KXHIGHTPHX,2026-07-11,17,108-109,0.865,1.0,0.135,1,False,metar_6h_group,1.0,1.0,0.865,0.865,0.0,2026-07-09,47
KXHIGHTPHX,2026-07-11,17,110-111,0.155,0.0,-0.155,0,False,metar_6h_group,0.0,0.0,0.155,0.155,0.0,2026-07-09,47
KXHIGHTPHX,2026-07-12,13,105-106,0.115,0.1574554455445544,0.0424554455445544,0,False,hourly_snapshot,0.1574554455445544,0.39220997313397615,0.115,0.115,0.0,2026-07-10,48
KXHIGHTPHX,2026-07-12,13,107-108,0.6000000000000001,0.4286633663366345,-0.1713366336633655,0,False,hourly_snapshot,0.4286633663366345,0.519480913852291,0.6000000000000001,0.6000000000000001,0.0,2026-07-10,48
KXHIGHTPHX,2026-07-12,13,109-110,0.32,0.3377980198019805,0.0177980198019805,1,False,hourly_snapshot,0.3377980198019805,0.4408591959469939,0.32,0.32,0.0,2026-07-10,48
KXHIGHTPHX,2026-07-12,14,107-108,0.635,0.4841267326732673,-0.1508732673267326,0,False,hourly_snapshot,0.4841267326732673,0.519480913852291,0.635,0.635,0.0,2026-07-10,48
KXHIGHTPHX,2026-07-12,14,109-110,0.335,0.1218138613861384,-0.2131861386138616,1,False,hourly_snapshot,0.1218138613861384,0.39220997313397615,0.335,0.335,0.0,2026-07-10,48
KXHIGHTPHX,2026-07-12,15,107-108,0.285,0.5874950495049504,0.3024950495049503,0,False,hourly_snapshot,0.5874950495049504,0.519480913852291,0.285,0.285,0.0,2026-07-10,48
KXHIGHTPHX,2026-07-12,15,109-110,0.6950000000000001,0.3828693069306937,-0.3121306930693063,1,False,hourly_snapshot,0.3828693069306937,0.519480913852291,0.6950000000000001,0.6950000000000001,0.0,2026-07-10,48
KXHIGHTPHX,2026-07-12,16,109-110,0.945,0.3218950495049509,-0.6231049504950492,1,False,hourly_snapshot,0.3218950495049509,0.4408591959469939,0.945,0.945,0.0,2026-07-10,48
KXHIGHTPHX,2026-07-13,13,105-106,0.51,0.3377980198019805,-0.1722019801980194,0,False,hourly_snapshot,0.3377980198019805,0.4385262483563168,0.51,0.51,0.0,2026-07-11,49
KXHIGHTPHX,2026-07-13,13,107-108,0.39,0.0692673267326734,-0.3207326732673266,1,False,hourly_snapshot,0.0692673267326734,0.3794473384416337,0.39,0.39,0.0,2026-07-11,49
KXHIGHTPHX,2026-07-13,13,109-110,0.0349999999999999,0.0061059405940594,-0.0288940594059405,0,False,hourly_snapshot,0.0061059405940594,0.0,0.0349999999999999,0.0349999999999999,0.0,2026-07-11,49
KXHIGHTPHX,2026-07-13,14,107-108,0.735,0.4841267326732673,-0.2508732673267326,1,False,hourly_snapshot,0.4841267326732673,0.5192029557043459,0.735,0.735,0.0,2026-07-11,49
KXHIGHTPHX,2026-07-13,14,109-110,0.245,0.1218138613861384,-0.1231861386138615,0,False,hourly_snapshot,0.1218138613861384,0.3794473384416337,0.245,0.245,0.0,2026-07-11,49
KXHIGHTPHX,2026-07-13,15,107-108,0.905,0.3828693069306937,-0.5221306930693064,1,False,hourly_snapshot,0.3828693069306937,0.5192029557043459,0.905,0.905,0.0,2026-07-11,49
KXHIGHTPHX,2026-07-13,15,109-110,0.12,0.0276277227722772,-0.0923722772277227,0,False,hourly_snapshot,0.0276277227722772,0.09859888464096936,0.12,0.12,0.0,2026-07-11,49
KXHIGHTPHX,2026-07-13,16,107-108,0.855,0.7303207920792079,-0.1246792079207921,1,False,hourly_snapshot,0.7303207920792079,0.7279030678756369,0.855,0.855,0.0,2026-07-11,49
KXHIGHTPHX,2026-07-13,16,109-110,0.135,0.0495940594059406,-0.0854059405940593,0,False,hourly_snapshot,0.0495940594059406,0.09859888464096936,0.135,0.135,0.0,2026-07-11,49
KXHIGHTPHX,2026-07-13,17,107-108,0.96,1.0,0.04,1,False,metar_6h_group,1.0,1.0,0.96,0.96,0.0,2026-07-11,49
KXHIGHTPHX,2026-07-13,17,109-110,0.045,0.0,-0.045,0,False,metar_6h_group,0.0,0.0,0.045,0.045,0.0,2026-07-11,49
KXHIGHTPHX,2026-07-14,13,105-106,0.315,0.0198445544554456,-0.2951554455445544,0,False,hourly_snapshot,0.0198445544554456,0.09859888464096936,0.315,0.315,0.0,2026-07-12,50
KXHIGHTPHX,2026-07-14,13,107-108,0.53,0.0024168316831682,-0.5275831683168317,1,False,hourly_snapshot,0.0024168316831682,0.0,0.53,0.53,0.0,2026-07-12,50
KXHIGHTPHX,2026-07-14,13,109-110,0.095,7.722772277227641e-05,-0.0949227722772277,0,False,hourly_snapshot,7.722772277227641e-05,0.0,0.095,0.095,0.0,2026-07-12,50
KXHIGHTPHX,2026-07-14,14,105-106,0.395,0.1218138613861384,-0.2731861386138616,0,False,hourly_snapshot,0.1218138613861384,0.38324653263631586,0.395,0.395,0.0,2026-07-12,50
KXHIGHTPHX,2026-07-14,14,107-108,0.55,0.0103871287128713,-0.5396128712871288,1,False,hourly_snapshot,0.0103871287128713,0.08598452552143648,0.55,0.55,0.0,2026-07-12,50
KXHIGHTPHX,2026-07-14,14,109-110,0.04,0.0006742574257425,-0.0393257425742574,0,False,hourly_snapshot,0.0006742574257425,0.0,0.04,0.04,0.0,2026-07-12,50
KXHIGHTPHX,2026-07-14,15,105-106,0.415,0.3828693069306937,-0.0321306930693062,0,False,hourly_snapshot,0.3828693069306937,0.5081528053560153,0.415,0.415,0.0,2026-07-12,50
KXHIGHTPHX,2026-07-14,15,107-108,0.535,0.0276277227722772,-0.5073722772277227,1,False,hourly_snapshot,0.0276277227722772,0.09859888464096936,0.535,0.535,0.0,2026-07-12,50
KXHIGHTPHX,2026-07-14,16,105-106,0.715,0.7303207920792079,0.0153207920792078,0,False,hourly_snapshot,0.7303207920792079,0.7279030678756369,0.715,0.715,0.0,2026-07-12,50
KXHIGHTPHX,2026-07-14,16,107-108,0.29,0.0495940594059406,-0.2404059405940593,1,False,hourly_snapshot,0.0495940594059406,0.09859888464096936,0.29,0.29,0.0,2026-07-12,50
KXHIGHTPHX,2026-07-14,17,105-106,0.75,0.2178217821782178,-0.5321782178217821,0,False,hourly_snapshot,0.2178217821782178,0.4504496328685752,0.75,0.75,0.0,2026-07-12,50
KXHIGHTPHX,2026-07-14,17,107-108,0.225,0.732673267326733,0.507673267326733,1,False,hourly_snapshot,0.732673267326733,0.7279030678756369,0.225,0.225,0.0,2026-07-12,50
KXHIGHTPHX,2026-07-14,18,105-106,0.035,0.2178217821782178,0.1828217821782178,0,False,hourly_snapshot,0.2178217821782178,0.4504496328685752,0.035,0.035,0.0,2026-07-12,50
KXHIGHTPHX,2026-07-15,13,104-105,0.095,0.4286633663366345,0.3336633663366345,0,False,hourly_snapshot,0.4286633663366345,0.5153863523927443,0.095,0.095,0.0,2026-07-13,51
KXHIGHTPHX,2026-07-15,13,106-107,0.3349999999999999,0.3377980198019805,0.0027980198019805,0,False,hourly_snapshot,0.3377980198019805,0.44699785502595246,0.3349999999999999,0.3349999999999999,0.0,2026-07-13,51
KXHIGHTPHX,2026-07-15,13,108-109,0.435,0.0692673267326734,-0.3657326732673266,1,False,hourly_snapshot,0.0692673267326734,0.38586254726117725,0.435,0.435,0.0,2026-07-13,51
KXHIGHTPHX,2026-07-15,13,110-111,0.075,0.0061059405940594,-0.0688940594059406,0,False,hourly_snapshot,0.0061059405940594,0.0,0.075,0.075,0.0,2026-07-13,51
KXHIGHTPHX,2026-07-15,14,106-107,0.2299999999999999,0.5736386138613867,0.3436386138613867,0,False,hourly_snapshot,0.5736386138613867,0.5153863523927443,0.2299999999999999,0.2299999999999999,0.0,2026-07-13,51
KXHIGHTPHX,2026-07-15,14,108-109,0.705,0.2795049504950488,-0.4254950495049511,1,False,hourly_snapshot,0.2795049504950488,0.44699785502595246,0.705,0.705,0.0,2026-07-13,51
KXHIGHTPHX,2026-07-15,14,110-111,0.075,0.0406712871287129,-0.034328712871287,0,False,hourly_snapshot,0.0406712871287129,0.09516261410221154,0.075,0.075,0.0,2026-07-13,51
KXHIGHTPHX,2026-07-15,15,106-107,0.28,0.7042683168316839,0.4242683168316838,0,False,hourly_snapshot,0.7042683168316839,0.7318292593223916,0.28,0.28,0.0,2026-07-13,51
KXHIGHTPHX,2026-07-15,15,108-109,0.645,0.1061861386138612,-0.5388138613861388,1,False,hourly_snapshot,0.1061861386138612,0.38586254726117725,0.645,0.645,0.0,2026-07-13,51
KXHIGHTPHX,2026-07-15,15,110-111,0.06,0.0121108910891089,-0.047889108910891,0,False,hourly_snapshot,0.0121108910891089,0.08598452552143648,0.06,0.06,0.0,2026-07-13,51
KXHIGHTPHX,2026-07-15,16,108-109,0.945,0.6664584158415836,-0.2785415841584164,1,False,hourly_snapshot,0.6664584158415836,0.7318292593223916,0.945,0.945,0.0,2026-07-13,51
KXHIGHTPHX,2026-07-15,16,110-111,0.065,0.3218950495049509,0.2568950495049509,0,False,hourly_snapshot,0.3218950495049509,0.44699785502595246,0.065,0.065,0.0,2026-07-13,51
KXHIGHTPHX,2026-07-15,17,108-109,0.92,1.0,0.0799999999999999,1,True,metar_6h_group,1.0,1.0,0.92,0.92,0.0,2026-07-13,51
KXHIGHTPHX,2026-07-15,17,110-111,0.08,0.0,-0.08,0,True,metar_6h_group,0.0,0.0,0.08,0.08,0.0,2026-07-13,51
KXHIGHTPHX,2026-07-15,18,108-109,0.955,1.0,0.045,1,False,metar_6h_group,1.0,1.0,0.955,0.955,0.0,2026-07-13,51
KXHIGHTPHX,2026-07-15,18,110-111,0.05,0.0,-0.05,0,False,metar_6h_group,0.0,0.0,0.05,0.05,0.0,2026-07-13,51
KXHIGHTPHX,2026-07-16,13,101-102,0.685,0.4286633663366345,-0.2563366336633655,1,False,hourly_snapshot,0.4286633663366345,0.5121993712818764,0.685,0.685,0.0,2026-07-14,52
KXHIGHTPHX,2026-07-16,13,103-104,0.24,0.3377980198019805,0.0977980198019805,0,False,hourly_snapshot,0.3377980198019805,0.4412753576335569,0.24,0.24,0.0,2026-07-14,52
KXHIGHTPHX,2026-07-16,13,99-100,0.045,0.1574554455445544,0.1124554455445544,0,False,hourly_snapshot,0.1574554455445544,0.3822390761734154,0.045,0.045,0.0,2026-07-14,52
KXHIGHTPHX,2026-07-16,14,101-102,0.675,0.4841267326732673,-0.1908732673267327,1,False,hourly_snapshot,0.4841267326732673,0.5121993712818764,0.675,0.675,0.0,2026-07-14,52
KXHIGHTPHX,2026-07-16,14,103-104,0.305,0.1218138613861384,-0.1831861386138615,0,False,hourly_snapshot,0.1218138613861384,0.3822390761734154,0.305,0.305,0.0,2026-07-14,52
KXHIGHTPHX,2026-07-16,14,99-100,0.05,0.3829980198019804,0.3329980198019804,0,False,hourly_snapshot,0.3829980198019804,0.5121993712818764,0.05,0.05,0.0,2026-07-14,52
KXHIGHTPHX,2026-07-16,15,101-102,0.645,0.3828693069306937,-0.2621306930693063,1,False,hourly_snapshot,0.3828693069306937,0.5121993712818764,0.645,0.645,0.0,2026-07-14,52
KXHIGHTPHX,2026-07-16,15,103-104,0.36,0.0276277227722772,-0.3323722772277227,0,False,hourly_snapshot,0.0276277227722772,0.11937164667427007,0.36,0.36,0.0,2026-07-14,52
KXHIGHTPHX,2026-07-16,16,101-102,0.905,0.7303207920792079,-0.1746792079207921,1,False,hourly_snapshot,0.7303207920792079,0.7263031713293494,0.905,0.905,0.0,2026-07-14,52
KXHIGHTPHX,2026-07-16,16,103-104,0.065,0.0495940594059406,-0.0154059405940593,0,False,hourly_snapshot,0.0495940594059406,0.11937164667427007,0.065,0.065,0.0,2026-07-14,52
KXHIGHTPHX,2026-07-16,17,101-102,0.895,0.6831683168316834,-0.2118316831683165,1,False,hourly_snapshot,0.6831683168316834,0.7263031713293494,0.895,0.895,0.0,2026-07-14,52
KXHIGHTPHX,2026-07-16,17,103-104,0.085,0.306930693069307,0.2219306930693069,0,False,hourly_snapshot,0.306930693069307,0.4412753576335569,0.085,0.085,0.0,2026-07-14,52
KXHIGHTPHX,2026-07-16,18,101-102,0.945,0.6831683168316834,-0.2618316831683166,1,False,hourly_snapshot,0.6831683168316834,0.7263031713293494,0.945,0.945,0.0,2026-07-14,52
KXHIGHTPHX,2026-07-16,18,103-104,0.055,0.306930693069307,0.251930693069307,0,False,hourly_snapshot,0.306930693069307,0.4412753576335569,0.055,0.055,0.0,2026-07-14,52
KXHIGHTPHX,2026-07-17,13,89-90,0.16,0.0012999999999999,-0.1587,0,False,metar_6h_group,0.0012999999999999,0.014556827159271618,0.16,0.16,0.0,2026-07-15,53
KXHIGHTPHX,2026-07-17,13,91-92,0.525,0.0,-0.525,0,False,metar_6h_group,0.0,0.0,0.525,0.525,0.0,2026-07-15,53
KXHIGHTPHX,2026-07-17,13,93-94,0.165,0.0,-0.165,1,False,metar_6h_group,0.0,0.0,0.165,0.165,0.0,2026-07-15,53
KXHIGHTPHX,2026-07-17,13,95-96,0.035,0.0,-0.035,0,False,metar_6h_group,0.0,0.0,0.035,0.035,0.0,2026-07-15,53
KXHIGHTPHX,2026-07-17,14,89-90,0.065,0.4841267326732673,0.4191267326732673,0,False,hourly_snapshot,0.4841267326732673,0.5071037544141028,0.065,0.065,0.0,2026-07-15,53
KXHIGHTPHX,2026-07-17,14,91-92,0.615,0.1218138613861384,-0.4931861386138615,0,False,hourly_snapshot,0.1218138613861384,0.39152422420060995,0.615,0.615,0.0,2026-07-15,53
KXHIGHTPHX,2026-07-17,14,93-94,0.195,0.0103871287128713,-0.1846128712871287,1,False,hourly_snapshot,0.0103871287128713,0.10954431293542334,0.195,0.195,0.0,2026-07-15,53
KXHIGHTPHX,2026-07-17,14,95-96,0.045,0.0006742574257425,-0.0443257425742574,0,False,hourly_snapshot,0.0006742574257425,0.0,0.045,0.045,0.0,2026-07-15,53
KXHIGHTPHX,2026-07-17,15,89-90,0.105,0.3828693069306937,0.2778693069306936,0,False,hourly_snapshot,0.3828693069306937,0.5071037544141028,0.105,0.105,0.0,2026-07-15,53
KXHIGHTPHX,2026-07-17,15,91-92,0.665,0.0276277227722772,-0.6373722772277228,0,False,hourly_snapshot,0.0276277227722772,0.11801768205488737,0.665,0.665,0.0,2026-07-15,53
KXHIGHTPHX,2026-07-17,15,93-94,0.185,0.001969306930693,-0.1830306930693069,1,False,hourly_snapshot,0.001969306930693,0.030715144334424523,0.185,0.185,0.0,2026-07-15,53
KXHIGHTPHX,2026-07-17,15,95-96,0.035,3.861386138613876e-05,-0.0349613861386138,0,False,hourly_snapshot,3.861386138613876e-05,0.0,0.035,0.035,0.0,2026-07-15,53
KXHIGHTPHX,2026-07-17,16,91-92,0.815,0.7303207920792079,-0.084679207920792,0,False,hourly_snapshot,0.7303207920792079,0.7220035244713714,0.815,0.815,0.0,2026-07-15,53
KXHIGHTPHX,2026-07-17,16,93-94,0.195,0.0495940594059406,-0.1454059405940593,1,False,hourly_snapshot,0.0495940594059406,0.11801768205488737,0.195,0.195,0.0,2026-07-15,53
KXHIGHTPHX,2026-07-17,17,93-94,0.65,0.732673267326733,0.0826732673267329,1,False,hourly_snapshot,0.732673267326733,0.7220035244713714,0.65,0.65,0.0,2026-07-15,53
KXHIGHTPHX,2026-07-17,17,95-96,0.3,0.0396039603960396,-0.2603960396039604,0,False,hourly_snapshot,0.0396039603960396,0.11801768205488737,0.3,0.3,0.0,2026-07-15,53
KXHIGHTPHX,2026-07-17,18,93-94,0.94,0.6831683168316834,-0.2568316831683165,1,False,hourly_snapshot,0.6831683168316834,0.7220035244713714,0.94,0.94,0.0,2026-07-15,53
KXHIGHTPHX,2026-07-17,18,95-96,0.05,0.306930693069307,0.256930693069307,0,False,hourly_snapshot,0.306930693069307,0.4396170634367999,0.05,0.05,0.0,2026-07-15,53
KXHIGHTPHX,2026-07-18,13,101-102,0.03,1.2871287128712553e-05,-0.0299871287128712,0,False,hourly_snapshot,1.2871287128712553e-05,0.0,0.03,0.03,0.0,2026-07-16,54
KXHIGHTPHX,2026-07-18,13,95-96,0.405,0.0198445544554456,-0.3851554455445544,1,False,hourly_snapshot,0.0198445544554456,0.1150353272721338,0.405,0.405,0.0,2026-07-16,54
KXHIGHTPHX,2026-07-18,13,97-98,0.3299999999999999,0.0024168316831682,-0.3275831683168316,0,False,hourly_snapshot,0.0024168316831682,0.04151922623260203,0.3299999999999999,0.3299999999999999,0.0,2026-07-16,54
KXHIGHTPHX,2026-07-18,13,99-100,0.065,7.722772277227641e-05,-0.0649227722772277,0,False,hourly_snapshot,7.722772277227641e-05,0.0,0.065,0.065,0.0,2026-07-16,54
KXHIGHTPHX,2026-07-18,14,95-96,0.31,0.0028643564356435,-0.3071356435643564,1,False,hourly_snapshot,0.0028643564356435,0.04151922623260203,0.31,0.31,0.0,2026-07-16,54
KXHIGHTPHX,2026-07-18,14,97-98,0.475,0.0001168316831683,-0.4748831683168316,0,False,hourly_snapshot,0.0001168316831683,0.0,0.475,0.475,0.0,2026-07-16,54
KXHIGHTPHX,2026-07-18,14,99-100,0.075,0.0,-0.075,0,False,hourly_snapshot,0.0,0.0,0.075,0.075,0.0,2026-07-16,54
KXHIGHTPHX,2026-07-18,15,95-96,0.37,0.0276277227722772,-0.3423722772277227,1,False,hourly_snapshot,0.0276277227722772,0.1150353272721338,0.37,0.37,0.0,2026-07-16,54
KXHIGHTPHX,2026-07-18,15,97-98,0.4599999999999999,0.001969306930693,-0.4580306930693069,0,False,hourly_snapshot,0.001969306930693,0.030715144334424523,0.4599999999999999,0.4599999999999999,0.0,2026-07-16,54
KXHIGHTPHX,2026-07-18,15,99-100,0.055,3.861386138613876e-05,-0.0549613861386138,0,False,hourly_snapshot,3.861386138613876e-05,0.0,0.055,0.055,0.0,2026-07-16,54
KXHIGHTPHX,2026-07-18,16,95-96,0.465,0.3218950495049509,-0.1431049504950491,1,False,hourly_snapshot,0.3218950495049509,0.4320316624165217,0.465,0.465,0.0,2026-07-16,54
KXHIGHTPHX,2026-07-18,16,97-98,0.155,0.0112970297029702,-0.1437029702970297,0,False,hourly_snapshot,0.0112970297029702,0.10954431293542334,0.155,0.155,0.0,2026-07-16,54
KXHIGHTPHX,2026-07-18,16,99-100,0.05,0.000349504950495,-0.0496504950495049,0,False,hourly_snapshot,0.000349504950495,0.0,0.05,0.05,0.0,2026-07-16,54
KXHIGHTPHX,2026-07-18,17,95-96,0.73,1.0,0.27,1,False,metar_6h_group,1.0,1.0,0.73,0.73,0.0,2026-07-16,54
KXHIGHTPHX,2026-07-18,17,97-98,0.245,0.0,-0.245,0,False,metar_6h_group,0.0,0.0,0.245,0.245,0.0,2026-07-16,54
KXHIGHTPHX,2026-07-18,18,95-96,0.8200000000000001,0.6831683168316834,-0.1368316831683166,1,False,hourly_snapshot,0.6831683168316834,0.7307724200922195,0.8200000000000001,0.8200000000000001,0.0,2026-07-16,54
KXHIGHTPHX,2026-07-18,18,97-98,0.185,0.306930693069307,0.1219306930693069,0,False,hourly_snapshot,0.306930693069307,0.4320316624165217,0.185,0.185,0.0,2026-07-16,54
KXHIGHTPHX,2026-07-19,13,100-101,0.055,0.1574554455445544,0.1024554455445544,0,False,hourly_snapshot,0.1574554455445544,0.3824010303603687,0.055,0.055,0.0,2026-07-17,55
KXHIGHTPHX,2026-07-19,13,102-103,0.64,0.4286633663366345,-0.2113366336633654,0,False,hourly_snapshot,0.4286633663366345,0.5081108936616443,0.64,0.64,0.0,2026-07-17,55
KXHIGHTPHX,2026-07-19,14,102-103,0.5700000000000001,0.5736386138613867,0.0036386138613866,0,False,hourly_snapshot,0.5736386138613867,0.5081108936616443,0.5700000000000001,0.5700000000000001,0.0,2026-07-17,55
KXHIGHTPHX,2026-07-20,13,104-105,0.195,0.4286633663366345,0.2336633663366345,0,False,hourly_snapshot,0.4286633663366345,0.5081108936616443,0.195,0.195,0.0,2026-07-18,56
KXHIGHTPHX,2026-07-20,13,106-107,0.625,0.3377980198019805,-0.2872019801980194,1,False,hourly_snapshot,0.3377980198019805,0.430760606790372,0.625,0.625,0.0,2026-07-18,56
KXHIGHTPHX,2026-07-20,14,104-105,0.235,0.5736386138613867,0.3386386138613867,0,False,hourly_snapshot,0.5736386138613867,0.5081108936616443,0.235,0.235,0.0,2026-07-18,56
KXHIGHTPHX,2026-07-20,14,106-107,0.6799999999999999,0.2795049504950488,-0.4004950495049511,1,False,hourly_snapshot,0.2795049504950488,0.430760606790372,0.6799999999999999,0.6799999999999999,0.0,2026-07-18,56
KXHIGHTPHX,2026-07-20,15,104-105,0.0849999999999999,0.1770455445544554,0.0920455445544554,0,False,hourly_snapshot,0.1770455445544554,0.430760606790372,0.0849999999999999,0.0849999999999999,0.0,2026-07-18,56
KXHIGHTPHX,2026-07-20,15,106-107,0.865,0.7042683168316839,-0.1607316831683161,1,False,hourly_snapshot,0.7042683168316839,0.7315065275142419,0.865,0.865,0.0,2026-07-18,56
KXHIGHTPHX,2026-07-20,16,106-107,0.855,0.7303207920792079,-0.1246792079207921,1,False,hourly_snapshot,0.7303207920792079,0.7315065275142419,0.855,0.855,0.0,2026-07-18,56
KXHIGHTPHX,2026-07-20,17,106-107,0.935,1.0,0.0649999999999999,1,False,metar_6h_group,1.0,1.0,0.935,0.935,0.0,2026-07-18,56
KXHIGHTPHX,2026-07-21,13,100-101,0.43,0.3377980198019805,-0.0922019801980194,1,False,hourly_snapshot,0.3377980198019805,0.430760606790372,0.43,0.43,0.0,2026-07-19,57
KXHIGHTPHX,2026-07-21,13,102-103,0.385,0.0692673267326734,-0.3157326732673265,0,False,hourly_snapshot,0.0692673267326734,0.36799515518128717,0.385,0.385,0.0,2026-07-19,57
KXHIGHTPHX,2026-07-21,13,104-105,0.0849999999999999,0.0061059405940594,-0.0788940594059405,0,False,hourly_snapshot,0.0061059405940594,0.09176325824790932,0.0849999999999999,0.0849999999999999,0.0,2026-07-19,57
KXHIGHTPHX,2026-07-21,14,100-101,0.48,0.4841267326732673,0.0041267326732673,1,False,hourly_snapshot,0.4841267326732673,0.4832550304343851,0.48,0.48,0.0,2026-07-19,57
KXHIGHTPHX,2026-07-21,14,102-103,0.38,0.1218138613861384,-0.2581861386138616,0,False,hourly_snapshot,0.1218138613861384,0.36799515518128717,0.38,0.38,0.0,2026-07-19,57
KXHIGHTPHX,2026-07-21,14,104-105,0.0849999999999999,0.0103871287128713,-0.0746128712871287,0,False,hourly_snapshot,0.0103871287128713,0.12453305938555151,0.0849999999999999,0.0849999999999999,0.0,2026-07-19,57
KXHIGHTPHX,2026-07-21,15,100-101,0.49,0.3828693069306937,-0.1071306930693062,1,False,hourly_snapshot,0.3828693069306937,0.4832550304343851,0.49,0.49,0.0,2026-07-19,57
KXHIGHTPHX,2026-07-21,15,102-103,0.385,0.0276277227722772,-0.3573722772277227,0,False,hourly_snapshot,0.0276277227722772,0.13869807908649895,0.385,0.385,0.0,2026-07-19,57
KXHIGHTPHX,2026-07-21,15,104-105,0.045,0.001969306930693,-0.0430306930693069,0,False,hourly_snapshot,0.001969306930693,0.09176325824790932,0.045,0.045,0.0,2026-07-19,57
KXHIGHTPHX,2026-07-21,16,100-101,0.81,0.7303207920792079,-0.0796792079207922,1,False,hourly_snapshot,0.7303207920792079,0.7315065275142419,0.81,0.81,0.0,2026-07-19,57
KXHIGHTPHX,2026-07-21,16,102-103,0.205,0.0495940594059406,-0.1554059405940593,0,False,hourly_snapshot,0.0495940594059406,0.13869807908649895,0.205,0.205,0.0,2026-07-19,57
KXHIGHTPHX,2026-07-21,17,100-101,0.6950000000000001,1.0,0.3049999999999999,1,False,metar_6h_group,1.0,1.0,0.6950000000000001,0.6950000000000001,0.0,2026-07-19,57
KXHIGHTPHX,2026-07-21,17,102-103,0.295,0.0,-0.295,0,False,metar_6h_group,0.0,0.01922019890765524,0.295,0.295,0.0,2026-07-19,57
KXHIGHTPHX,2026-07-21,18,100-101,0.97,1.0,0.03,1,False,metar_6h_group,1.0,1.0,0.97,0.97,0.0,2026-07-19,57
KXHIGHTPHX,2026-07-22,13,102-103,0.04,0.4286633663366345,0.3886633663366345,0,False,hourly_snapshot,0.4286633663366345,0.47454973829003627,0.04,0.04,0.0,2026-07-20,58
KXHIGHTPHX,2026-07-22,13,104-105,0.665,0.3377980198019805,-0.3272019801980195,0,False,hourly_snapshot,0.3377980198019805,0.4375827619128454,0.665,0.665,0.0,2026-07-20,58
KXHIGHTPHX,2026-07-22,13,106-107,0.255,0.0692673267326734,-0.1857326732673266,1,False,hourly_snapshot,0.0692673267326734,0.36799515518128717,0.255,0.255,0.0,2026-07-20,58
KXHIGHTPHX,2026-07-22,13,108-109,0.045,0.0061059405940594,-0.0388940594059405,0,False,hourly_snapshot,0.0061059405940594,0.09176325824790932,0.045,0.045,0.0,2026-07-20,58
KXHIGHTPHX,2026-07-22,14,104-105,0.595,0.1218138613861384,-0.4731861386138615,0,False,hourly_snapshot,0.1218138613861384,0.36799515518128717,0.595,0.595,0.0,2026-07-20,58
KXHIGHTPHX,2026-07-22,14,106-107,0.37,0.0103871287128713,-0.3596128712871287,1,False,hourly_snapshot,0.0103871287128713,0.12453305938555151,0.37,0.37,0.0,2026-07-20,58
KXHIGHTPHX,2026-07-22,15,104-105,0.725,0.3828693069306937,-0.3421306930693062,0,False,hourly_snapshot,0.3828693069306937,0.47454973829003627,0.725,0.725,0.0,2026-07-20,58
KXHIGHTPHX,2026-07-22,15,106-107,0.29,0.0276277227722772,-0.2623722772277227,1,False,hourly_snapshot,0.0276277227722772,0.13869807908649895,0.29,0.29,0.0,2026-07-20,58
KXHIGHTPHX,2026-07-22,16,104-105,0.85,0.6664584158415836,-0.1835415841584163,0,False,hourly_snapshot,0.6664584158415836,0.7407408542718511,0.85,0.85,0.0,2026-07-20,58
KXHIGHTPHX,2026-07-22,16,106-107,0.145,0.3218950495049509,0.1768950495049508,1,False,hourly_snapshot,0.3218950495049509,0.4375827619128454,0.145,0.145,0.0,2026-07-20,58
KXHIGHTPHX,2026-07-22,17,106-107,0.88,1.0,0.12,1,False,metar_6h_group,1.0,1.0,0.88,0.88,0.0,2026-07-20,58
KXHIGHTPHX,2026-07-22,17,108-109,0.105,0.0,-0.105,0,False,metar_6h_group,0.0,0.01922019890765524,0.105,0.105,0.0,2026-07-20,58
KXHIGHTPHX,2026-07-23,13,112-113,0.58,0.4408079207920801,-0.1391920792079198,0,False,hourly_snapshot,0.4408079207920801,0.47990342449581175,0.58,0.58,0.0,2026-07-21,59
KXHIGHTPHX,2026-07-23,14,112-113,0.61,0.5736386138613867,-0.0363613861386132,0,False,hourly_snapshot,0.5736386138613867,0.47990342449581175,0.61,0.61,0.0,2026-07-21,59
KXHIGHTPHX,2026-07-24,13,113-114,0.055,0.4408079207920801,0.3858079207920801,0,False,hourly_snapshot,0.4408079207920801,0.47426588015264765,0.055,0.055,0.0,2026-07-22,60
KXHIGHTPHX,2026-07-24,13,115-116,0.5700000000000001,0.1835495049504951,-0.3864504950495049,0,False,hourly_snapshot,0.1835495049504951,0.4414126830626226,0.5700000000000001,0.5700000000000001,0.0,2026-07-22,60
KXHIGHTPHX,2026-07-24,13,117-118,0.33,0.0198445544554456,-0.3101554455445544,1,False,hourly_snapshot,0.0198445544554456,0.14712834335695488,0.33,0.33,0.0,2026-07-22,60
KXHIGHTPHX,2026-07-24,14,113-114,0.075,0.4841267326732673,0.4091267326732673,0,False,hourly_snapshot,0.4841267326732673,0.47426588015264765,0.075,0.075,0.0,2026-07-22,60
KXHIGHTPHX,2026-07-24,14,115-116,0.76,0.1218138613861384,-0.6381861386138616,0,False,hourly_snapshot,0.1218138613861384,0.36465702110329357,0.76,0.76,0.0,2026-07-22,60
KXHIGHTPHX,2026-07-24,14,117-118,0.175,0.0103871287128713,-0.1646128712871286,1,False,hourly_snapshot,0.0103871287128713,0.14570783998963174,0.175,0.175,0.0,2026-07-22,60
KXHIGHTPHX,2026-07-24,15,115-116,0.8,0.5874950495049504,-0.2125049504950497,0,False,hourly_snapshot,0.5874950495049504,0.47426588015264765,0.8,0.8,0.0,2026-07-22,60
KXHIGHTPHX,2026-07-24,15,117-118,0.175,0.3828693069306937,0.2078693069306937,1,False,hourly_snapshot,0.3828693069306937,0.47426588015264765,0.175,0.175,0.0,2026-07-22,60
KXHIGHTPHX,2026-07-24,16,117-118,0.88,0.7303207920792079,-0.1496792079207921,1,False,hourly_snapshot,0.7303207920792079,0.7349202884439815,0.88,0.88,0.0,2026-07-22,60
KXHIGHTPHX,2026-07-24,17,117-118,0.96,1.0,0.04,1,True,metar_6h_group,1.0,1.0,0.96,0.96,0.0,2026-07-22,60
KXHIGHTPHX,2026-07-25,13,115-116,0.175,0.3170891089108915,0.1420891089108915,0,False,hourly_snapshot,0.3170891089108915,0.4414126830626226,0.175,0.175,0.0,2026-07-23,61
KXHIGHTPHX,2026-07-25,13,117-118,0.665,0.4408079207920801,-0.2241920792079199,1,False,hourly_snapshot,0.4408079207920801,0.44303895069784704,0.665,0.665,0.0,2026-07-23,61
KXHIGHTPHX,2026-07-25,13,119-120,0.15,0.1835495049504951,0.0335495049504951,0,False,hourly_snapshot,0.1835495049504951,0.4414126830626226,0.15,0.15,0.0,2026-07-23,61
KXHIGHTPHX,2026-07-25,14,115-116,0.095,0.1032039603960395,0.0082039603960395,0,False,hourly_snapshot,0.1032039603960395,0.36465702110329357,0.095,0.095,0.0,2026-07-23,61
KXHIGHTPHX,2026-07-25,14,117-118,0.81,0.5736386138613867,-0.2363613861386133,1,False,hourly_snapshot,0.5736386138613867,0.44303895069784704,0.81,0.81,0.0,2026-07-23,61
KXHIGHTPHX,2026-07-25,14,119-120,0.085,0.2795049504950488,0.1945049504950488,0,False,hourly_snapshot,0.2795049504950488,0.4414126830626226,0.085,0.085,0.0,2026-07-23,61
KXHIGHTPHX,2026-07-25,15,117-118,0.865,0.7042683168316839,-0.1607316831683161,1,False,hourly_snapshot,0.7042683168316839,0.7349202884439815,0.865,0.865,0.0,2026-07-23,61
KXHIGHTPHX,2026-07-25,15,119-120,0.125,0.1061861386138612,-0.0188138613861388,0,False,hourly_snapshot,0.1061861386138612,0.36465702110329357,0.125,0.125,0.0,2026-07-23,61
KXHIGHTPHX,2026-07-26,13,108-109,0.1,0.4286633663366345,0.3286633663366345,0,False,hourly_snapshot,0.4286633663366345,0.43808984584044247,0.1,0.10033857452511778,0.0010301559583339674,2026-07-24,62
KXHIGHTPHX,2026-07-26,13,110-111,0.675,0.3377980198019805,-0.3372019801980195,1,False,hourly_snapshot,0.3377980198019805,0.43808984584044247,0.675,0.6746526293709371,0.0010301559583339674,2026-07-24,62
KXHIGHTPHX,2026-07-26,13,112-113,0.205,0.0692673267326734,-0.1357326732673266,0,False,hourly_snapshot,0.0692673267326734,0.3607181000060849,0.205,0.20486017417789307,0.0010301559583339674,2026-07-24,62
KXHIGHTPHX,2026-07-26,14,108-109,0.145,0.5736386138613867,0.4286386138613867,0,False,hourly_snapshot,0.5736386138613867,0.43808984584044247,0.145,0.1454415646220413,0.0010301559583339674,2026-07-24,62
KXHIGHTPHX,2026-07-26,14,110-111,0.69,0.2795049504950488,-0.4104950495049511,1,False,hourly_snapshot,0.2795049504950488,0.43808984584044247,0.69,0.6895771260788858,0.0010301559583339674,2026-07-24,62
KXHIGHTPHX,2026-07-26,14,112-113,0.135,0.0406712871287129,-0.094328712871287,0,False,hourly_snapshot,0.0406712871287129,0.16483817450586327,0.135,0.1349028267143937,0.0010301559583339674,2026-07-24,62
KXHIGHTPHX,2026-07-26,15,108-109,0.155,0.5874950495049504,0.4324950495049503,0,False,hourly_snapshot,0.5874950495049504,0.43808984584044247,0.155,0.15544553735219746,0.0010301559583339674,2026-07-24,62
KXHIGHTPHX,2026-07-26,15,110-111,0.73,0.3828693069306937,-0.3471306930693063,1,False,hourly_snapshot,0.3828693069306937,0.43808984584044247,0.73,0.729642401248214,0.0010301559583339674,2026-07-24,62
KXHIGHTPHX,2026-07-26,15,112-113,0.065,0.0276277227722772,-0.0373722772277227,0,False,hourly_snapshot,0.0276277227722772,0.16483817450586327,0.065,0.06496150072593736,0.0010301559583339674,2026-07-24,62
KXHIGHTPHX,2026-07-26,16,110-111,0.895,0.7303207920792079,-0.1646792079207921,1,False,hourly_snapshot,0.7303207920792079,0.7384435704312241,0.895,0.8948303547327467,0.0010301559583339674,2026-07-24,62
KXHIGHTPHX,2026-07-26,16,112-113,0.045,0.0495940594059406,0.0045940594059406,0,False,hourly_snapshot,0.0495940594059406,0.16483817450586327,0.045,0.04500473259766997,0.0010301559583339674,2026-07-24,62
KXHIGHTPHX,2026-07-27,13,109-110,0.09,0.3170891089108915,0.2270891089108914,0,False,hourly_snapshot,0.3170891089108915,0.4260862703745619,0.09,0.09,0.0,2026-07-25,63
KXHIGHTPHX,2026-07-27,13,111-112,0.625,0.4408079207920801,-0.1841920792079199,0,False,hourly_snapshot,0.4408079207920801,0.4469552138750483,0.625,0.625,0.0,2026-07-25,63
KXHIGHTPHX,2026-07-27,13,113-114,0.255,0.1835495049504951,-0.0714504950495048,1,False,hourly_snapshot,0.1835495049504951,0.4260862703745619,0.255,0.255,0.0,2026-07-25,63
KXHIGHTPHX,2026-07-27,14,111-112,0.685,0.5736386138613867,-0.1113613861386133,0,False,hourly_snapshot,0.5736386138613867,0.4469552138750483,0.685,0.685,0.0,2026-07-25,63
KXHIGHTPHX,2026-07-27,14,113-114,0.265,0.2795049504950488,0.0145049504950488,1,False,hourly_snapshot,0.2795049504950488,0.4260862703745619,0.265,0.265,0.0,2026-07-25,63
KXHIGHTPHX,2026-07-27,15,111-112,0.5700000000000001,0.1770455445544554,-0.3929544554455446,0,False,hourly_snapshot,0.1770455445544554,0.4260862703745619,0.5700000000000001,0.5700000000000001,0.0,2026-07-25,63
KXHIGHTPHX,2026-07-27,15,113-114,0.405,0.7042683168316839,0.2992683168316838,1,False,hourly_snapshot,0.7042683168316839,0.7427181177738437,0.405,0.405,0.0,2026-07-25,63
KXHIGHTPHX,2026-07-27,16,111-112,0.745,0.2101326732673266,-0.5348673267326733,0,False,hourly_snapshot,0.2101326732673266,0.4260862703745619,0.745,0.745,0.0,2026-07-25,63
KXHIGHTPHX,2026-07-27,16,113-114,0.24,0.7303207920792079,0.4903207920792078,1,False,hourly_snapshot,0.7303207920792079,0.7427181177738437,0.24,0.24,0.0,2026-07-25,63
KXHIGHTPHX,2026-07-27,17,111-112,0.945,0.2178217821782178,-0.727178217821782,0,False,hourly_snapshot,0.2178217821782178,0.4260862703745619,0.945,0.945,0.0,2026-07-25,63
KXHIGHTPHX,2026-07-27,17,113-114,0.055,0.732673267326733,0.6776732673267329,1,False,hourly_snapshot,0.732673267326733,0.7427181177738437,0.055,0.055,0.0,2026-07-25,63
KXHIGHTPHX,2026-07-28,13,107-108,0.56,0.0692673267326734,-0.4907326732673266,1,False,hourly_snapshot,0.0692673267326734,0.34790677154901134,0.56,0.56,0.0,2026-07-26,64
KXHIGHTPHX,2026-07-28,13,109-110,0.0849999999999999,0.0061059405940594,-0.0788940594059405,0,False,hourly_snapshot,0.0061059405940594,0.08278158968920879,0.0849999999999999,0.0849999999999999,0.0,2026-07-26,64
KXHIGHTPHX,2026-07-28,14,107-108,0.38,0.2795049504950488,-0.1004950495049511,1,False,hourly_snapshot,0.2795049504950488,0.4336137931340648,0.38,0.38,0.0,2026-07-26,64
KXHIGHTPHX,2026-07-28,14,109-110,0.065,0.0406712871287129,-0.024328712871287,0,False,hourly_snapshot,0.0406712871287129,0.1601851699795657,0.065,0.065,0.0,2026-07-26,64
KXHIGHTPHX,2026-07-28,15,107-108,0.605,0.3828693069306937,-0.2221306930693062,1,False,hourly_snapshot,0.3828693069306937,0.4425345917088148,0.605,0.605,0.0,2026-07-26,64
KXHIGHTPHX,2026-07-28,15,109-110,0.125,0.0276277227722772,-0.0973722772277227,0,False,hourly_snapshot,0.0276277227722772,0.1601851699795657,0.125,0.125,0.0,2026-07-26,64
KXHIGHTPHX,2026-07-28,16,107-108,0.375,0.3218950495049509,-0.0531049504950491,1,False,hourly_snapshot,0.3218950495049509,0.4336137931340648,0.375,0.375,0.0,2026-07-26,64
KXHIGHTPHX,2026-07-28,17,107-108,0.9,0.0,-0.9,1,False,metar_6h_group,0.0,0.018243410536826595,0.9,0.9,0.0,2026-07-26,64
KXHIGHTPHX,2026-07-28,17,109-110,0.1149999999999999,0.0,-0.1149999999999999,0,False,metar_6h_group,0.0,0.018243410536826595,0.1149999999999999,0.1149999999999999,0.0,2026-07-26,64
KXHIGHTPHX,2026-07-29,13,110-111,0.665,0.0692673267326734,-0.5957326732673266,1,False,hourly_snapshot,0.0692673267326734,0.34763863664829664,0.665,0.6479785568922992,0.02857228396479563,2026-07-27,65
KXHIGHTPHX,2026-07-29,13,112-113,0.275,0.0061059405940594,-0.2688940594059406,0,False,hourly_snapshot,0.0061059405940594,0.08278158968920879,0.275,0.26731708257820685,0.02857228396479563,2026-07-27,65
KXHIGHTPHX,2026-07-29,14,108-109,0.035,0.1032039603960395,0.0682039603960395,0,False,hourly_snapshot,0.1032039603960395,0.34763863664829664,0.035,0.03694874292395932,0.02857228396479563,2026-07-27,65
KXHIGHTPHX,2026-07-29,14,110-111,0.6799999999999999,0.5736386138613867,-0.1063613861386132,1,False,hourly_snapshot,0.5736386138613867,0.43762340483085493,0.6799999999999999,0.6769610122723582,0.02857228396479563,2026-07-27,65
KXHIGHTPHX,2026-07-29,14,112-113,0.295,0.2795049504950488,-0.0154950495049511,0,False,hourly_snapshot,0.2795049504950488,0.4319086788658622,0.295,0.29455727104549595,0.02857228396479563,2026-07-27,65
KXHIGHTPHX,2026-07-29,15,108-109,0.185,0.1770455445544554,-0.0079544554455445,0,False,hourly_snapshot,0.1770455445544554,0.34763863664829664,0.185,0.18477272304022457,0.02857228396479563,2026-07-27,65
KXHIGHTPHX,2026-07-29,15,110-111,0.705,0.7042683168316839,-0.000731683168316,1,False,hourly_snapshot,0.7042683168316839,0.7543948030938864,0.705,0.7049790941407426,0.02857228396479563,2026-07-27,65
KXHIGHTPHX,2026-07-29,15,112-113,0.125,0.1061861386138612,-0.0188138613861388,0,False,hourly_snapshot,0.1061861386138612,0.34763863664829664,0.125,0.12446244501000094,0.02857228396479563,2026-07-27,65
KXHIGHTPHX,2026-07-29,16,110-111,0.655,0.7303207920792079,0.0753207920792078,1,False,hourly_snapshot,0.7303207920792079,0.7543948030938864,0.655,0.6571520870597405,0.02857228396479563,2026-07-27,65
KXHIGHTPHX,2026-07-29,16,112-113,0.33,0.0495940594059406,-0.2804059405940594,0,False,hourly_snapshot,0.0495940594059406,0.1601851699795657,0.33,0.32198816183993095,0.02857228396479563,2026-07-27,65
KXHIGHTPHX,2026-07-29,17,110-111,0.925,1.0,0.0749999999999999,1,False,metar_6h_group,1.0,1.0,0.925,0.9271429212973598,0.02857228396479563,2026-07-27,65
KXHIGHTPHX,2026-07-29,17,112-113,0.065,0.0,-0.065,0,False,metar_6h_group,0.0,0.018243410536826595,0.065,0.06314280154228828,0.02857228396479563,2026-07-27,65
KXHIGHTPHX,2026-07-30,13,112-113,0.455,0.4408079207920801,-0.0141920792079199,1,False,hourly_snapshot,0.4408079207920801,0.44141176446836666,0.455,0.4547151218949613,0.020073035167369514,2026-07-28,66
KXHIGHTPHX,2026-07-30,13,114-115,0.495,0.1835495049504951,-0.3114504950495048,0,False,hourly_snapshot,0.1835495049504951,0.44073506982853056,0.495,0.4887482432599766,0.020073035167369514,2026-07-28,66
KXHIGHTPHX,2026-07-30,14,112-113,0.345,0.4841267326732673,0.1391267326732673,1,False,hourly_snapshot,0.4841267326732673,0.44141176446836666,0.345,0.3477926957976717,0.020073035167369514,2026-07-28,66
KXHIGHTPHX,2026-07-30,14,114-115,0.635,0.1218138613861384,-0.5131861386138616,0,False,hourly_snapshot,0.1218138613861384,0.3548604982426803,0.635,0.6246987965921974,0.020073035167369514,2026-07-28,66
KXHIGHTPHX,2026-07-30,15,112-113,0.27,0.1770455445544554,-0.0929544554455445,1,False,hourly_snapshot,0.1770455445544554,0.3548604982426803,0.27,0.2681341219468779,0.020073035167369514,2026-07-28,66
KXHIGHTPHX,2026-07-30,15,114-115,0.67,0.7042683168316839,0.0342683168316838,0,False,hourly_snapshot,0.7042683168316839,0.7543948030938864,0.67,0.670687869128889,0.020073035167369514,2026-07-28,66
KXHIGHTPHX,2026-07-30,16,112-113,0.375,0.2101326732673266,-0.1648673267326733,1,False,hourly_snapshot,0.2101326732673266,0.44073506982853056,0.375,0.37169061235254486,0.020073035167369514,2026-07-28,66
KXHIGHTPHX,2026-07-30,16,114-115,0.615,0.7303207920792079,0.1153207920792078,0,False,hourly_snapshot,0.7303207920792079,0.7543948030938864,0.615,0.6173148383149348,0.020073035167369514,2026-07-28,66
KXHIGHTPHX,2026-07-30,16,116-117,0.045,0.0495940594059406,0.0045940594059406,0,False,hourly_snapshot,0.0495940594059406,0.1565836890778736,0.045,0.04509221671601643,0.020073035167369514,2026-07-28,66
KXHIGHTPHX,2026-07-30,17,112-113,0.875,0.2178217821782178,-0.6571782178217821,1,False,hourly_snapshot,0.2178217821782178,0.44073506982853056,0.875,0.8618084385224342,0.020073035167369514,2026-07-28,66
KXHIGHTPHX,2026-07-30,17,114-115,0.14,0.732673267326733,0.592673267326733,0,False,hourly_snapshot,0.732673267326733,0.7543948030938864,0.14,0.1518967513378093,0.020073035167369514,2026-07-28,66
KXHIGHTPHX,2026-07-30,18,114-115,0.035,0.732673267326733,0.697673267326733,0,False,hourly_snapshot,0.732673267326733,0.7543948030938864,0.035,0.049004420030383106,0.020073035167369514,2026-07-28,66
